name,muscle,equipment,movement_images,difficulty
Neutral-Grip Pull Ups,● Lats Back,None,https://cdn.fitsw.com/assets/img/exerciseGifs/Neutral-Grip_Pull_Ups_Back_Lat_Exercise_Demo_How-to.gif,Intermediate
Overhand Close-Grip Lat Pulldown,● Lats Back,Cable,https://cdn.fitsw.com/assets/img/exerciseGifs/OverhandClose-gripLatPulldown.gif,Beginner
Overhand Medium-Grip Lat Pulldown,● Lats Back,Cable,https://cdn.fitsw.com/assets/img/exerciseGifs/OverhandMedium-gripLatPulldowns.gif,Beginner
Overhand Wide-Grip Lat Pulldown,● Lats Back,Cable,https://cdn.fitsw.com/assets/img/exerciseGifs/OverhandWide-gripLatPulldown.gif,Beginner
Prisoner Pull-ups,● Lats Back,Pull-up Bar,https://cdn.fitsw.com/assets/img/exerciseGifs/Prisoner-Pull-ups.gif,Intermediate
Pull-ups,● Lats Back,Pull-up Bar,https://cdn.fitsw.com/assets/img/exerciseGifs/Pullups_(Standard)_Exercise_Demo_How-to.gif,Intermediate
Rocky Pull-ups/Pulldowns,● Lats Back,Pull-up Bar,https://cdn.fitsw.com/assets/img/exerciseGifs/Rocky_Pull-Ups_Lats_Back_Exercise_Demo_How-to.gif,Intermediate
Rope Straight-Arm Pulldown,● Lats Back,Cable,https://cdn.fitsw.com/assets/img/exerciseGifs/Rope_Straight_Arm_Pulldown_Back_Lat_Exercise_Demo_How-to.gif,Beginner
Shotgun Row,● Lats Back,Cable,https://cdn.fitsw.com/assets/img/exerciseGifs/Shotgun_Row_Back_Lat_Exercise_Demo_How-to.gif,Beginner
Side To Side Chins,● Lats Back,Pull-up Bar,https://cdn.fitsw.com/assets/img/exerciseGifs/Side-To-Side_Chins_-_BackArmChest_-_Exercise_Demo_How-to.gif,Intermediate
Single Arm Lat Pulldowns,● Lats Back,Cable,https://cdn.fitsw.com/assets/img/exerciseGifs/Single_Arm_Lat_Pulldowns_Lats_Back_Exercise_Demo_How-to.gif,Beginner
Single Side Lat Pulldown,● Lats Back,Cable,https://cdn.fitsw.com/assets/img/exerciseGifs/Single-Side-Lat-Pulldown.gif,Beginner
Straight Bar Lat Pushdowns,● Lats Back,Cable,https://cdn.fitsw.com/assets/img/exerciseGifs/Standing_Lat_Pushdowns_Exercise_Demo_How-to.gif,Beginner
Straight-Arm Pulldown,● Lats Back,Cable,https://cdn.fitsw.com/assets/img/exerciseGifs/Straight-Arm_Pulldown_Lats_Back_Exercise_Demo_How-to.gif,Beginner
TRX Straight-Arm Lat Pulldown,● Lats Back,TRX,https://cdn.fitsw.com/assets/img/exerciseGifs/TRX-Straight-Arm-Lat-Pulldown.gif,Advanced
Underhand Cable Pulldowns,● Lats Back,Cable,https://cdn.fitsw.com/assets/img/exerciseGifs/Underhand_Cable_Pulldowns_Lats_Back_Exercise_Demo_How-to.gif,Beginner
Underhand Close-Grip Lat Pulldown,● Lats Back,Cable,https://cdn.fitsw.com/assets/img/exerciseGifs/UnderhandClose-gripLatPulldown.gif,Beginner
Underhand Medium-Grip Lat Pulldown,● Lats Back,Cable,https://cdn.fitsw.com/assets/img/exerciseGifs/UnderhandMedium-gripLatPulldowns.gif,Beginner
Upper Back Machine,● Lats Back,Machine,https://cdn.fitsw.com/assets/img/exerciseGifs/Upper_Back_Machine_Lats_Back_-_Exercise_Demo.gif,Beginner
V-Bar Lat Pulldown,● Lats Back,Cable,https://cdn.fitsw.com/assets/img/exerciseGifs/Close_Grip_Pulldowns_Lats_Back_Exercise_Demo_How-to.gif,Beginner
V-Bar Pull-ups,● Lats Back,Pull-up Bar,https://cdn.fitsw.com/assets/img/exerciseGifs/V-Bar_Pullup_Exercise_Demo_How-to.gif,Intermediate
Wide-grip Pull-ups,● Lats Back,Pull-up Bar,https://cdn.fitsw.com/assets/img/exerciseGifs/Wide-grip-Pull-ups.gif,Intermediate
Wide-Grip Rear Pull-ups,● Lats Back,Pull-up Bar,https://cdn.fitsw.com/assets/img/exerciseGifs/Wide_Grip_Rear_Pull-Up_Exercise_Demo_How-to.gif,Intermediate
X Pull Down,● Lats Back,Cable,https://cdn.fitsw.com/assets/img/exerciseGifs/Complete_X_Pull_Down_Lats_Back_Rear-Shoulder_Exercise_Demo_How-to.gif,Intermediate
Alternating Supermans,● Lower Back,None,https://cdn.fitsw.com/assets/img/exerciseGifs/Alternating_Superman_Exercise_Demo_How-to.gif,Beginner
Back Extension On Stability Ball,● Lower Back,Stability Ball,https://cdn.fitsw.com/assets/img/exerciseGifs/Back_Extension_On_Stability_Ball_Core_Back_Exercise_Demo_How-to.gif,Intermediate
Back Extensions 45 Degree Arms Crossed,● Lower Back,Machine,https://cdn.fitsw.com/assets/img/exerciseGifs/Hyperextensions_(Back_Extensions)_Core_Lower_Back_Exercise_Demo_How-to.gif,Beginner
Back Extensions 45 Degree Arms Outstretched,● Lower Back,Machine,https://cdn.fitsw.com/assets/img/exerciseGifs/45_Degree_Back_Extensions_Exercise_Demo_How-to.gif,Beginner
Back Extensions 45 Degree with Weight,● Lower Back,"Machine, Weight Plate",https://cdn.fitsw.com/assets/img/exerciseGifs/BackextensionWithWeight.gif,Intermediate
Barbell Seated Good Mornings,● Lower Back,Barbell,https://cdn.fitsw.com/assets/img/exerciseGifs/Barbell_Seated_Good_Morning_Lower_Back_Exercise_Demo_How-to.gif,Intermediate
Deadlift With Bands,● Lower Back,Barbell,https://cdn.fitsw.com/assets/img/exerciseGifs/Deadlift_With_Bands_Lower_Back_Hamstrings_Leg_Exercise_Demo_How-to.gif,Advanced
Deadlift With Chains,● Lower Back,Barbell,https://cdn.fitsw.com/assets/img/exerciseGifs/Deadlift_with_Chains_Lower_Back_Hamstring_Exercise_Demo_How-to.gif,Advanced
Deficit Deadlift,● Lower Back,Barbell,https://cdn.fitsw.com/assets/img/exerciseGifs/Deficit_Deadlift_Lower_Back_Hamstring_Exercise_Demo_How-to.gif,Intermediate
Rack Pulls,● Lower Back,Barbell,https://cdn.fitsw.com/assets/img/exerciseGifs/Rack_Pulls_Lower_Back_Legs_Exercise_Demo_How-to.gif,Intermediate
Stability Ball Banded Reverse Hypertensions,● Lower Back,"Elastic Bands, Stability Ball",https://cdn.fitsw.com/assets/img/exerciseGifs/Stability-Ball-Banded-Reverse-Hypertensions.gif,Intermediate
Supermans,● Lower Back,None,https://cdn.fitsw.com/assets/img/exerciseGifs/Superman_Back_and_Core_Exercise_Demo_How-to.gif,Beginner
1/2 Kneeling Row,● Middle Back,Cable,https://cdn.fitsw.com/assets/img/exerciseGifs/12_Kneeling_Single_Arm_Cable_Row_Exercise_Demo_How-to.gif,Beginner
Alternating Renegade Row,● Middle Back,Kettlebell,https://cdn.fitsw.com/assets/img/exerciseGifs/Alternating_Renegade_Row_Middle_Back_Exercise_Demo_How-to.gif,Advanced
Barbell Close Grip Bent over Row,● Middle Back,Barbell,https://cdn.fitsw.com/assets/img/exerciseGifs/Barbell_Close_Grip_Bent_over_Row_Back_Exercise_Demo_How-to.gif,Intermediate
Bent Over Barbell Row,● Middle Back,Barbell,https://cdn.fitsw.com/assets/img/exerciseGifs/Bent_Over_Barbell_Row_Exercise_Demo_How-to.gif,Beginner
Bent Over Single-Arm Long Bar Row,● Middle Back,Barbell,https://cdn.fitsw.com/assets/img/exerciseGifs/Bent_Over_One-Arm_Long_Bar_Row_Middle_Back_Exercise_Demo_How-to.gif,Beginner
Bent Over Two-Arm Long Bar Row,● Middle Back,Barbell,https://cdn.fitsw.com/assets/img/exerciseGifs/Bent_Over_Two-arm_Long_Bar_Row_Middle_Back_Exercise_Demo_How-to.gif,Intermediate
Bent Over Two-Dumbbell Row With Palms In,● Middle Back,Dumbbells,https://cdn.fitsw.com/assets/img/exerciseGifs/Bent_Over_Two-Dumbbell_Row_Middle_Back_-_Exercise_Demo.gif,Beginner
Bodyweight Mid Row,● Middle Back,Pull-up Bar,https://cdn.fitsw.com/assets/img/exerciseGifs/Bodyweight_Mid_Row_Exercise_Demo_How-to.gif,Advanced
Cable Bent Over Row,● Middle Back,Cable,https://cdn.fitsw.com/assets/img/exerciseGifs/Bent_Over_Cable_Rows_Exercise_Demo_How-to.gif,Intermediate
Cable Lunge and Row,● Middle Back,Cable,https://cdn.fitsw.com/assets/img/exerciseGifs/Cable_Lunge_and_Row_Lats_Legs_Quad_Exercise_Demo_How-to.gif,Intermediate
Cable Seated High Row,● Middle Back,Cable,https://cdn.fitsw.com/assets/img/exerciseGifs/Cable_Seated_High_Row_Back_Lat_Exercise_Demo_How-to.gif,Beginner
Cable Single-Arm Bent Over Row,● Middle Back,Cable,https://cdn.fitsw.com/assets/img/exerciseGifs/Cable_One_Arm_Bent_Over_Row_Exercise_Demo_How-to.gif,Intermediate
Cable Single-Arm Seated Row,● Middle Back,Cable,https://cdn.fitsw.com/assets/img/exerciseGifs/Cable_One_Arm_Seated_Row_Exercise_Demo_How-to.gif,Intermediate
Cable Single-Arm Standing Row,● Middle Back,Cable,https://cdn.fitsw.com/assets/img/exerciseGifs/Cable_One_Arm_Standing_Row_Back_Exercise_Demo_How-to.gif,Beginner
Dumbbell Bent Over Row,● Middle Back,Dumbbells,https://cdn.fitsw.com/assets/img/exerciseGifs/Dumbbell_Bent_Over_Row_Exercise_Demo_How-to.gif,Beginner
Dumbbell Lying Row,● Middle Back,Dumbbells,https://cdn.fitsw.com/assets/img/exerciseGifs/Dumbbell_Lying_Row_Exercise_Demo_How-to.gif,Intermediate
Elevated TRX Row,● Middle Back,TRX,https://cdn.fitsw.com/assets/img/exerciseGifs/Elevated-TRX-Row.gif,Advanced
Hanging Row,● Middle Back,None,https://cdn.fitsw.com/assets/img/exerciseGifs/Hanging_Row_Lats_Back_Exercise_Demo_How-to.gif,Intermediate
Inverted Row,● Middle Back,None,https://cdn.fitsw.com/assets/img/exerciseGifs/Inverted_Row_Exercise_Demo_How-to.gif,Beginner
Inverted Row with Feet Elevated,● Middle Back,Smith Machine,https://cdn.fitsw.com/assets/img/exerciseGifs/Inverted_Row_with_Feet_Elevated_Exercise_Demo_How-to.gif,Beginner
Landmine Row,● Middle Back,Barbell,https://cdn.fitsw.com/assets/img/exerciseGifs/Landmine_Row_Middle_Back_-_Exercise_Demo.gif,Intermediate
Landmine Single Arm Row,● Middle Back,"Barbell, Landmine",https://cdn.fitsw.com/assets/img/exerciseGifs/Landmine-Single-Arm-Row.gif,Intermediate
Machine Low Row,● Middle Back,Machine,https://cdn.fitsw.com/assets/img/exerciseGifs/Low_Row_Technogym_11.gif,Beginner
Machine Row,● Middle Back,Machine,https://cdn.fitsw.com/assets/img/exerciseGifs/Machine_Row_Lats_Back_Exercise_Demo_How-to.gif,Beginner
Man Maker,● Middle Back,Dumbbells,https://cdn.fitsw.com/assets/img/exerciseGifs/Man_Maker_Full_Body_Exercise_Multiple_Muscle_Groups_Demo_How-to.gif,Intermediate
Middle Back Shrug,● Middle Back,Dumbbells,https://cdn.fitsw.com/assets/img/exerciseGifs/Middle_Back_Shrug_Middle_Back_Exercise_Demo_How-to.gif,Intermediate
Mixed Grip Chin-up,● Middle Back,Pull-up Bar,https://cdn.fitsw.com/assets/img/exerciseGifs/Mixed_Grip_Chin_Up_Exercise_Demo_How-to.gif,Intermediate
One Arm Kettlebell Row Parallel Stance,● Middle Back,Kettlebell,https://cdn.fitsw.com/assets/img/exerciseGifs/One-Arm-Kettlebell-Row-Parallel-Stance.gif,Intermediate
Pendlay Row,● Middle Back,Barbell,https://cdn.fitsw.com/assets/img/exerciseGifs/Pendlay-Row.gif,Intermediate
Resistance Band Squat And Row,● Middle Back,Resistance Band,https://cdn.fitsw.com/assets/img/exerciseGifs/Resistance_Band_Squat_And_Row_Exercise_Demo_How-to.gif,Intermediate
Reverse Grip Bent-Over Rows,● Middle Back,Barbell,https://cdn.fitsw.com/assets/img/exerciseGifs/Reverse_Grip_Bent-Over_Rows_Middle_Back_Exercise_Demo_How-to.gif,Intermediate
Seated Cable Row,● Middle Back,Cable,https://cdn.fitsw.com/assets/img/exerciseGifs/Seated_Cable_Row_Exercise_Demo_How-to.gif,Beginner
Seated Low Row Close Grip,● Middle Back,Cable,https://cdn.fitsw.com/assets/img/exerciseGifs/Seated_Low_Row_Close_Grip_Back_Lats_Exercise_Demo_How-to.gif,Beginner
Seated Low Row Wide Grip,● Middle Back,Cable,https://cdn.fitsw.com/assets/img/exerciseGifs/Seated_Low_Row_Wide_Grip_Back_Lat_Exercise_Demo_How-to.gif,Beginner
Seated on Floor Cable Row,● Middle Back,Cable,https://cdn.fitsw.com/assets/img/exerciseGifs/Seated_on_Floor_Straight_Bar_Cable_Row_Exercise_Demo_How-to.gif,Beginner
Seated Row - Close Grip,● Middle Back,Cable,https://cdn.fitsw.com/assets/img/exerciseGifs/How_To_Seated_Low_Row_(LF_Cable).gif,Intermediate
Seated Row - Wide Grip,● Middle Back,Cable,https://cdn.fitsw.com/assets/img/exerciseGifs/How_To_Wide-Grip_Low_Row_(LF_Cable).gif,Beginner
Single-Arm Kettlebell Row Split Stance,● Middle Back,Kettlebell,https://cdn.fitsw.com/assets/img/exerciseGifs/One-Arm_Kettlebell_Row_Exercise_Demo_How-to.gif,Intermediate
Single-Arm Long Bar Row,● Middle Back,Barbell,https://cdn.fitsw.com/assets/img/exerciseGifs/One-Arm_Long_Bar_Row_Middle_Back_Exercise_Demo_How-to.gif,Beginner
Smith Bent Over row,● Middle Back,Smith Machine,https://cdn.fitsw.com/assets/img/exerciseGifs/Smith_Bent_Over_Row_Back_Lats_Exercise_Demo_How-to.gif,Beginner
Standing Cable Rope Row,● Middle Back,Cable,https://cdn.fitsw.com/assets/img/exerciseGifs/Cable_Rope_Row_Exercise_Demo_How-to.gif,Intermediate
Standing Low Cable Row,● Middle Back,Cable,https://cdn.fitsw.com/assets/img/exerciseGifs/Standing_Low_Cable_Row_Lats_Back_Exercise_Demo_How-to.gif,Beginner
Standing_Resistance_Band_Row,● Middle Back,Resistance Band,https://cdn.fitsw.com/assets/img/exerciseGifs/Standing_Resistance_Band_Row.gif,Beginner
Suspended TRX Bent Knee Inverted row,● Middle Back,TRX,https://cdn.fitsw.com/assets/img/exerciseGifs/Suspended_Bent_Knee_Inverted_Row_Back_Exercise_Demo_How-to.gif,Beginner
Suspended TRX Inverted row,● Middle Back,TRX,https://cdn.fitsw.com/assets/img/exerciseGifs/Suspended_Inverted_Row__TRX_Inverted_Row_Lats_Back_Exercise_Demo_How-to.gif,Beginner
Suspended TRX Row,● Middle Back,TRX,https://cdn.fitsw.com/assets/img/exerciseGifs/Suspended_Row_Lat_Back_Exercise_Demo_How-to.gif,Beginner
T-bar row,● Middle Back,Barbell,https://cdn.fitsw.com/assets/img/exerciseGifs/T-bar_Row_Lats__Back_Exercise_Demo_How-to.gif,Intermediate
T-Bar Row Platform,● Middle Back,Machine,https://cdn.fitsw.com/assets/img/exerciseGifs/T-Bar_Row_Platform_Lats_Back_Exercise_Demo_How-to.gif,Intermediate
TRX Single Arm Back Row with Rotation,● Middle Back,TRX,https://cdn.fitsw.com/assets/img/exerciseGifs/TRX-Single-Arm-Back-Row-with-Rotation.gif,Intermediate
Wide Grip Low Row,● Middle Back,Cable,https://cdn.fitsw.com/assets/img/exerciseGifs/How_To_Wide-Grip_Low_Row_(LF_Cable).gif,Beginner
Ball Wall Burpees,● Miscellaneous,Stability Ball,https://cdn.fitsw.com/assets/img/exerciseGifs/Ball_Wall_Burpees_Exercise_Demo_How-to.gif,Intermediate
Bear Crawl,● Miscellaneous,None,https://cdn.fitsw.com/assets/img/exerciseGifs/Bear_Crawl_Exercise_Demo_How-to.gif,Beginner
Burp n Jack,● Miscellaneous,None,https://cdn.fitsw.com/assets/img/exerciseGifs/Burp_and_Jack_Exercise_Demo_How-to.gif,Intermediate
Burpee,● Miscellaneous,None,https://cdn.fitsw.com/assets/img/exerciseGifs/Burpee_Exercise_Demo_How-to.gif,Intermediate
Burpee Box Jump,● Miscellaneous,None,https://cdn.fitsw.com/assets/img/exerciseGifs/Burpee-Box-Jump.gif,Advanced
Burpee Curl and Press,● Miscellaneous,Dumbbells,https://cdn.fitsw.com/assets/img/exerciseGifs/Burpee-Curl-and-Press.gif,Advanced
Butt Kicks,● Miscellaneous,None,https://cdn.fitsw.com/assets/img/exerciseGifs/Butt_Kicks_Cardio_Exercise_Demo_How-to.gif,Beginner
Cable Squat and Row,● Miscellaneous,Cable,https://cdn.fitsw.com/assets/img/exerciseGifs/Cable_Squat_and_Row_Quadriceps_-_Exercise_Demo.gif,Intermediate
Cat Camel,● Miscellaneous,None,https://cdn.fitsw.com/assets/img/exerciseGifs/Cat_Camel_Exercise_Demo_How-to.gif,Beginner
Duck and Dodge,● Miscellaneous,None,https://cdn.fitsw.com/assets/img/exerciseGifs/Duck_and_Dodge_Exercise_Demo_How-to.gif,Intermediate
Farmer Walk,● Miscellaneous,Dumbbells,https://cdn.fitsw.com/assets/img/exerciseGifs/Farmer_Walk_Exercise_Demo_How-to.gif,Intermediate
Groiner,● Miscellaneous,None,https://cdn.fitsw.com/assets/img/exerciseGifs/Groiner_Exercise_Demo_How-to.gif,Intermediate
High Knee Toe Taps,● Miscellaneous,None,https://cdn.fitsw.com/assets/img/exerciseGifs/High_Knee_Toe_Taps.gif,Intermediate
High Knees,● Miscellaneous,None,https://cdn.fitsw.com/assets/img/exerciseGifs/High_Knees_Cardio_Exercise_Demo_How-to.gif,Beginner
Inchworms with Push-ups,● Miscellaneous,None,https://cdn.fitsw.com/assets/img/exerciseGifs/Inchworm_to_Push-Up_-_Travel_Workout_Bodyweight_Strength_&_Cardio.gif,Beginner
Jumping Jacks,● Miscellaneous,None,https://cdn.fitsw.com/assets/img/exerciseGifs/Jumping_Jacks_Cardio_Exercise_Demo_How-to.gif,Beginner
Jumping Rope,● Miscellaneous,Other,https://cdn.fitsw.com/assets/img/exerciseGifs/Jumping_Rope_Cardio_Exercise_Demo_How-to.gif,Intermediate
Kettlebell High Pull,● Miscellaneous,Kettlebell,https://cdn.fitsw.com/assets/img/exerciseGifs/Kettle_Bell_High_Pull_Exercise_Demo_How-to.gif,Intermediate
Lateral Hop on Bench,● Miscellaneous,None,https://cdn.fitsw.com/assets/img/exerciseGifs/Lateral_Hop_on_Bench_Exercise_Demo_How-to.gif,Intermediate
Modified Burpee with Hammer Curl To Press,● Miscellaneous,Dumbbells,https://cdn.fitsw.com/assets/img/exerciseGifs/Modified-Burpee-with-Hammer-Curl-To-Press.gif,Advanced
Sandbag Front Squat to Press,● Miscellaneous,Other,https://cdn.fitsw.com/assets/img/exerciseGifs/How_To_Sandbag_Front_Squat_To_Press.gif,Beginner
Shoulder Tap Drill,● Miscellaneous,None,https://cdn.fitsw.com/assets/img/exerciseGifs/Shoulder_Tap_Drill_Shoulders_Chest_Exercise_Demo_How-to.gif,Intermediate
Skaters,● Miscellaneous,None,https://cdn.fitsw.com/assets/img/exerciseGifs/Skater_Exercise.gif,Beginner
"Squat, Curl, and Press",● Miscellaneous,Dumbbells,https://cdn.fitsw.com/assets/img/exerciseGifs/Squat_Curl_&_Press_Multiple_Movement_Exercise_Demo_How-to.gif,Intermediate
"Squat, Shoulder Press, and Twist",● Miscellaneous,Dumbbells,https://cdn.fitsw.com/assets/img/exerciseGifs/Squat_Shoulder_Press_&_Twist_Multiple_Movement_Exercise_Demo_How-to.gif,Intermediate
Star Spangled Switch,● Miscellaneous,None,https://cdn.fitsw.com/assets/img/exerciseGifs/Star_Spangled_Switch_Exercise_Demo_How-to.gif,Beginner
Toe Touch Drill,● Miscellaneous,None,https://cdn.fitsw.com/assets/img/exerciseGifs/Toe_Touch_Drill_Legs_Quad_Exercise_Demo_How-to.gif,Beginner
Lying Face Down Plate Neck Resistance,● Neck,Weight Plate,https://cdn.fitsw.com/assets/img/exerciseGifs/Lying_Face_Down_Plate_Neck_Resistance_Neck_Exercise_Demo_How-to.gif,Intermediate
Lying Face Up Plate Neck Resistance,● Neck,Weight Plate,https://cdn.fitsw.com/assets/img/exerciseGifs/Lying_Face_Up_Plate_Neck_Resistance_Neck_Exercise_Demo_How-to.gif,Intermediate
Box Jump,● Plyometrics,Box,https://cdn.fitsw.com/assets/img/exerciseGifs/Box_Jump_Legs_Plyometrics_Quad_Exercise_Demo_How-to.gif,Beginner
Box Jump (Multiple Response),● Plyometrics,Box,https://cdn.fitsw.com/assets/img/exerciseGifs/Box_Jump_(Multiple_Response)_Legs_Quads_Plyometric_Exercise_Demo_How-to.gif,Beginner
Box Step Off with Vertical Jump,● Plyometrics,Box,https://cdn.fitsw.com/assets/img/exerciseGifs/Box-Step-Off-with-Vertical-Jump.gif,Advanced
Burpee Box Jump Over,● Plyometrics,Box,https://cdn.fitsw.com/assets/img/exerciseGifs/Burpee-Box-Jump-Over.gif,Advanced
Knee Tuck Jump,● Plyometrics,None,https://cdn.fitsw.com/assets/img/exerciseGifs/Knee_Tuck_Jump_Legs_Plyometric_Exercise_Demo_How-to.gif,Beginner
Side To Side Box Shuffle,● Plyometrics,Box,https://cdn.fitsw.com/assets/img/exerciseGifs/Side_to_Side_Box_Shuffle_Plyometric_Exercise_Demo_How-to.gif,Beginner
Single Leg Box Jump,● Plyometrics,Box,https://cdn.fitsw.com/assets/img/exerciseGifs/Single-Leg-Box-Jump.gif,Advanced
Standing Long Jump,● Plyometrics,None,https://cdn.fitsw.com/assets/img/exerciseGifs/Standing_Long_Jump_Plyometric_Leg_Exercise_Demo_How-to.gif,Beginner
Step Platform Side To Side,● Plyometrics,Bench,https://cdn.fitsw.com/assets/img/exerciseGifs/Step_Platform_Side_to_Side_Plyometrics_Legs_Quad_Exercise_Demo_How-to.gif,Intermediate
Air Squat,● Quadriceps,None,https://cdn.fitsw.com/assets/img/exerciseGifs/Air_Squat_Exercise_Demo_How-to.gif,Beginner
Alien Squat,● Quadriceps,None,https://cdn.fitsw.com/assets/img/exerciseGifs/Alien_Squat_Quads_Leg_Exercise_Demo_How-to.gif,Beginner
Assisted Lunges,● Quadriceps,None,https://cdn.fitsw.com/assets/img/exerciseGifs/Assisted_Reverse_Lunge_Exercise_Demo_How-to.gif,Beginner
Barbell Bench Step Up,● Quadriceps,Barbell,https://cdn.fitsw.com/assets/img/exerciseGifs/Barbell_Step_Up_-_Leg_Exercise_Demo_How-to.gif,Intermediate
Barbell Box Squat,● Quadriceps,Barbell,https://cdn.fitsw.com/assets/img/exerciseGifs/Barbell-Box-Squat.gif,Intermediate
Barbell Box Step Ups,● Quadriceps,"Barbell, Box",https://cdn.fitsw.com/assets/img/exerciseGifs/Barbell-Box-Step-Ups.gif,Intermediate
Barbell Front Squat,● Quadriceps,Barbell,https://cdn.fitsw.com/assets/img/exerciseGifs/Barbell-Front-Squat.gif,Advanced
Barbell Full Squat,● Quadriceps,Barbell,,Intermediate
Barbell Hack Squat,● Quadriceps,Barbell,https://cdn.fitsw.com/assets/img/exerciseGifs/Barbell_Hack_Squat_Quads_Leg_Exercise_Demo_How-to.gif,Intermediate
Barbell In Place Split Squat,● Quadriceps,Barbell,https://cdn.fitsw.com/assets/img/exerciseGifs/Barbell_In_Place_Split_Squat_Leg_Exercise_Demo_How-to.gif,Intermediate
Barbell Lateral Step Up,● Quadriceps,Barbell,https://cdn.fitsw.com/assets/img/exerciseGifs/Barbell_Lateral_Step_Up_Leg_Exercise_Demo_How-to.gif,Intermediate
Barbell Lunge,● Quadriceps,Barbell,https://cdn.fitsw.com/assets/img/exerciseGifs/Barbell_Lunge_Quadriceps_Exercise_Demo.gif,Intermediate
Barbell Reverse Lunge,● Quadriceps,Barbell,https://cdn.fitsw.com/assets/img/exerciseGifs/Barbell_Reverse_Lunge_Exercise_Demo_How-to.gif,Beginner
Barbell Side Lunge,● Quadriceps,Barbell,https://cdn.fitsw.com/assets/img/exerciseGifs/Barbell_Side_Lunge_Exercise_Demo_How-to.gif,Beginner
Barbell Single Leg Split Squat,● Quadriceps,Barbell,https://cdn.fitsw.com/assets/img/exerciseGifs/Barbell_Single_Leg_Split_Squat_Legs_Quad_Exercise_Demo_How-to.gif,Advanced
Barbell Squat,● Quadriceps,Barbell,https://cdn.fitsw.com/assets/img/exerciseGifs/Barbell_Squat_Leg_Exercise_Demo_How-to.gif,Beginner
Barbell Squat Clean and Press,● Quadriceps,Barbell,https://cdn.fitsw.com/assets/img/exerciseGifs/Barbell-Clean-and-Press.gif,Advanced
Barbell Thruster,● Quadriceps,Barbell,https://cdn.fitsw.com/assets/img/exerciseGifs/Barbell_Thruster_Leg_Shoulder_Exercise_Demo_How-to.gif,Intermediate
Barbell Walking Lunge,● Quadriceps,Barbell,https://cdn.fitsw.com/assets/img/exerciseGifs/Barbell_Walking_Lunge_Exercise_Demo_How-to.gif,Beginner
Bear Crawl Sled Drags,● Quadriceps,Other,https://cdn.fitsw.com/assets/img/exerciseGifs/Bear_Crawl_Sled_Drags_Full_Body_Legs_Quad_Exercise_Demo_How-to.gif,Beginner
Bench Step Up,● Quadriceps,Bench,https://cdn.fitsw.com/assets/img/exerciseGifs/Bench_Step_Up_-_Leg_Exercise_Demo_How-to.gif,Beginner
Bodyweight Lunge,● Quadriceps,None,https://cdn.fitsw.com/assets/img/exerciseGifs/Bodyweight_Lunges_-_Leg_Quads_Exercise_Demo_How-to.gif,Beginner
Bodyweight Reverse Lunge,● Quadriceps,None,https://cdn.fitsw.com/assets/img/exerciseGifs/Bodyweight_Reverse_Lunge_Legs_Quad_Exercise_Demo_How-to.gif,Beginner
Bodyweight Squat,● Quadriceps,None,https://cdn.fitsw.com/assets/img/exerciseGifs/Bodyweight_Squat_Leg_Exercise_Demo_How-to.gif,Beginner
Bosu Squat,● Quadriceps,Bosu,https://cdn.fitsw.com/assets/img/exerciseGifs/Bosu_Squat_Legs_Quad_Exercise_Demo_How-to.gif,Advanced
Box Squat With Bands,● Quadriceps,Barbell,https://cdn.fitsw.com/assets/img/exerciseGifs/Box_Squat_With_Bands_Quadriceps_Leg_Exercise_Demo_How-to.gif,Advanced
Bulgarian Split Squat,● Quadriceps,Barbell,https://cdn.fitsw.com/assets/img/exerciseGifs/Bulgarian_Split_Squat_Exercise_Demo_How-to.gif,Advanced
Cable Hip Flexion,● Quadriceps,Cable,https://cdn.fitsw.com/assets/img/exerciseGifs/Cable_Hip_Flexion_Hip_Leg_Exercise_Demo_How-to.gif,Intermediate
Cable Split Squat,● Quadriceps,Cable,https://cdn.fitsw.com/assets/img/exerciseGifs/Cable_Split_Squat_Legs_Quad_Exercise_Demo_How-to.gif,Beginner
Cable Standing Leg Extension,● Quadriceps,Cable,https://cdn.fitsw.com/assets/img/exerciseGifs/Cable_Standing_Leg_Extension_Leg_Quad_Exercise_Demo_How-to.gif,Beginner
Chair Squat,● Quadriceps,Machine,https://cdn.fitsw.com/assets/img/exerciseGifs/Chair_Squat_Legs_Quad_Exercise_Demo_How-to.gif,Beginner
"Clean Complex: Floor, Knee, Hip Clean",● Quadriceps,Barbell,https://cdn.fitsw.com/assets/img/exerciseGifs/Clean-Complex-Floor-Knee-Hip-Clean.gif,Advanced
Clean From Blocks,● Quadriceps,Barbell,https://cdn.fitsw.com/assets/img/exerciseGifs/Clean_from_Blocks_Quads_Hamstrings_Leg_Exercise_Demo_How-to.gif,Advanced
Crossover Squats,● Quadriceps,None,https://cdn.fitsw.com/assets/img/exerciseGifs/Crossover_Squats_Quadriceps_-_Exercise_Demo.gif,Intermediate
Depth Jump Leap,● Quadriceps,Box,https://cdn.fitsw.com/assets/img/exerciseGifs/Depth_Jump_Leap_Plyometrics_Quads_Leg_Exercise_Demo_How-to.gif,Beginner
Double Kettlebell Clean to Split Jerk,● Quadriceps,Kettlebell,https://cdn.fitsw.com/assets/img/exerciseGifs/Double-Kettlebell-Clean-to-Split-Jerk.gif,Advanced
Double Kettlebell Overhead Walking Lunge,● Quadriceps,Kettlebell,https://cdn.fitsw.com/assets/img/exerciseGifs/Double-Kettlebell-Overhead-Walking-Lunge.gif,Advanced
Double Kettlebell Push Press,● Quadriceps,Kettlebell,https://cdn.fitsw.com/assets/img/exerciseGifs/Double-Kettlebell-Push-Press.gif,Intermediate
Double Kettlebell Squat Push Press,● Quadriceps,Kettlebell,https://cdn.fitsw.com/assets/img/exerciseGifs/Double-Kettlebell-Squat-Push-Press.gif,Advanced
Double Leg Butt Kick,● Quadriceps,None,https://cdn.fitsw.com/assets/img/exerciseGifs/Double_Leg_Butt_Kick_Quadriceps_Leg_Exercise_Demo_How-to.gif,Beginner
Dumbbell Bulgarian Split Squat,● Quadriceps,Dumbbells,https://cdn.fitsw.com/assets/img/exerciseGifs/Dumbbell-Bulgarian-Split-Squat.gif,Intermediate
Dumbbell Goblet Squat,● Quadriceps,Dumbbells,https://cdn.fitsw.com/assets/img/exerciseGifs/Goblet_Squat_Exercise_Demo_How-to.gif,Beginner
Dumbbell In Place Split Squat,● Quadriceps,Dumbbells,https://cdn.fitsw.com/assets/img/exerciseGifs/Dumbbell_In_Place_Split_Squat_Leg_Exercise_Demo_How-to.gif,Beginner
Dumbbell Lateral Step Up,● Quadriceps,Dumbbells,https://cdn.fitsw.com/assets/img/exerciseGifs/Dumbbell_Lateral_Step_Up_Quadriceps_-_Exercise_Demo.gif,Intermediate
Dumbbell Lunges,● Quadriceps,Dumbbells,https://cdn.fitsw.com/assets/img/exerciseGifs/Dumbbell_Lunges_Legs_Exercise_Demo_How-to.gif,Beginner
Dumbbell Rear Lunge,● Quadriceps,Dumbbells,https://cdn.fitsw.com/assets/img/exerciseGifs/Dumbbell_Rear_Lunge_Exercise_Demo_How-to.gif,Intermediate
Dumbbell Reverse Lunge,● Quadriceps,Dumbbells,https://cdn.fitsw.com/assets/img/exerciseGifs/Dumbbell_Reverse_Lunge_Legs_Quad_Exercise_Demo_How-to.gif,Beginner
Dumbbell Seated Box Jump,● Quadriceps,Dumbbells,https://cdn.fitsw.com/assets/img/exerciseGifs/Dumbbell_Seated_Box_Jump_Plyometrics_Quads_Leg_Exercise_Demo_How-to.gif,Intermediate
Dumbbell Side Lunge,● Quadriceps,Dumbbells,https://cdn.fitsw.com/assets/img/exerciseGifs/Dumbbell_Side_Lunge_Leg_Exercise_Demo_How-to.gif,Beginner
Dumbbell Single Leg Split Squat,● Quadriceps,Dumbbells,https://cdn.fitsw.com/assets/img/exerciseGifs/Dumbbell_Single_Leg_Split_Squat_Leg_Exercise_Demo_How-to.gif,Beginner
Dumbbell Squat,● Quadriceps,Dumbbells,https://cdn.fitsw.com/assets/img/exerciseGifs/Dumbbell_Squat_Quadriceps_-_Exercise_Demo.gif,Beginner
Dumbbell Stationary Lunges,● Quadriceps,Dumbbells,https://cdn.fitsw.com/assets/img/exerciseGifs/Dumbbell-Stationary-Lunges.gif,Intermediate
Dumbbell Step Down,● Quadriceps,Dumbbells,https://cdn.fitsw.com/assets/img/exerciseGifs/Dumbbell_Step_Down_Leg_Exercise_Demo_How-to.gif,Intermediate
Dumbbell Step Up,● Quadriceps,Dumbbells,https://cdn.fitsw.com/assets/img/exerciseGifs/Dumbbell_Step_Up_Leg_Exercise_Demo_How-to.gif,Intermediate
Dumbbell Walking Lunge,● Quadriceps,Dumbbells,https://cdn.fitsw.com/assets/img/exerciseGifs/Walking_Dumbbell_Lunges_Leg_Exercise_Demo_How-to.gif,Beginner
Freehand Jump Squat,● Quadriceps,None,https://cdn.fitsw.com/assets/img/exerciseGifs/Freehand_Jump_Squat_Quads_Leg_Exercise_Demo_How-to.gif,Intermediate
Front Squats With Two Kettlebells,● Quadriceps,Kettlebell,https://cdn.fitsw.com/assets/img/exerciseGifs/Front_Squat_with_Two_Kettlebells_Quads_Leg_Exercise_Demo_How-to.gif,Intermediate
Hack Squat,● Quadriceps,Machine,https://cdn.fitsw.com/assets/img/exerciseGifs/Hack_Squat_Legs_Quad_Exercise_Demo_How-to_Quadriceps_Exercise.gif,Beginner
Half Pistol Squat,● Quadriceps,None,https://cdn.fitsw.com/assets/img/exerciseGifs/Half_Pistol_Squat_Exercise_Demo_How-to.gif,Intermediate
Hang Clean Below Knee,● Quadriceps,Barbell,https://cdn.fitsw.com/assets/img/exerciseGifs/Hang-Clean-Below-Knee.gif,Advanced
Hang Power Clean,● Quadriceps,Barbell,https://cdn.fitsw.com/assets/img/exerciseGifs/CFF_Demo_Hang_Power_Clean_Cycling.gif,Advanced
Jefferson Squat,● Quadriceps,Barbell,https://cdn.fitsw.com/assets/img/exerciseGifs/Jefferson_Squat_Exercise_Demo_How-to.gif,Intermediate
Jerk Dip Squat,● Quadriceps,Barbell,https://cdn.fitsw.com/assets/img/exerciseGifs/JerkDipSquat.gif,Intermediate
Kettlebell Clean Step Back,● Quadriceps,None,https://cdn.fitsw.com/assets/img/exerciseGifs/Kettlebell-Clean-Step-Back.gif,Advanced
Kettlebell Goblet Squat,● Quadriceps,Kettlebell,https://cdn.fitsw.com/assets/img/exerciseGifs/Goblet_Squat_Leg_Exercise_Demo_How-to.gif,Beginner
Kettlebell Squat Thruster,● Quadriceps,Kettlebell,https://cdn.fitsw.com/assets/img/exerciseGifs/Kettlebell-Squat-Thruster.gif,Advanced
Kettlebell Squats,● Quadriceps,Kettlebell,https://cdn.fitsw.com/assets/img/exerciseGifs/Kettlebell-Squats.gif,Beginner
Kettlebell Sumo Squat,● Quadriceps,Kettlebell,https://cdn.fitsw.com/assets/img/exerciseGifs/KettlebellSumoSquat.gif,Intermediate
Kettlebell Walking Lunges,● Quadriceps,Kettlebell,https://cdn.fitsw.com/assets/img/exerciseGifs/Kettlebell-Walking-Lunges.gif,Intermediate
Landmine Squat,● Quadriceps,None,https://cdn.fitsw.com/assets/img/exerciseGifs/Landmine-Squat.gif,Intermediate
Landmine Squat Bar on Shoulder,● Quadriceps,Landmine,https://cdn.fitsw.com/assets/img/exerciseGifs/Landmine-Squat-Bar-on-Shoulder.gif,Intermediate
Leg Extension Machine,● Quadriceps,Machine,https://cdn.fitsw.com/assets/img/exerciseGifs/Leg_Extension_Machine_Exercise_Demo_How-to.gif,Beginner
Leg Press,● Quadriceps,Machine,https://cdn.fitsw.com/assets/img/exerciseGifs/Leg_Press_Legs_Quad_Exercise_Demo_How-to.gif,Beginner
Machine Leg Press,● Quadriceps,Machine,https://cdn.fitsw.com/assets/img/exerciseGifs/Machine_Leg_Press_Exercise_Demo_How-to.gif,Beginner
Machine Squat,● Quadriceps,Machine,https://cdn.fitsw.com/assets/img/exerciseGifs/Machine_Squat_Legs_Quad_Exercise_Demo_How-to.gif,Intermediate
Mountain Climbers,● Quadriceps,None,https://cdn.fitsw.com/assets/img/exerciseGifs/Mountain_Climbers_Full_Body_Exercise_Demo_How-to.gif,Beginner
Narrow Stance Hack Squats,● Quadriceps,Machine,https://cdn.fitsw.com/assets/img/exerciseGifs/Narrow_Stance_Hack_Squats_Legs_Quadricep_Exercise_Demo_How-to.gif,Intermediate
Narrow Stance Squats,● Quadriceps,Barbell,https://cdn.fitsw.com/assets/img/exerciseGifs/Narrow_Stance_Squat_-_Leg_Exercise_Demo_How-to.gif,Intermediate
Olympic Squat,● Quadriceps,Barbell,https://cdn.fitsw.com/assets/img/exerciseGifs/Olympic_Squat_Legs_Quads_Glutes_Exercise_Demo_How-to.gif,Intermediate
Overhead Barbell Squat,● Quadriceps,Barbell,https://cdn.fitsw.com/assets/img/exerciseGifs/Overhead-Barbell-Squat.gif,Advanced
Plate Walking Lunges,● Quadriceps,Weight Plate,https://cdn.fitsw.com/assets/img/exerciseGifs/Walking_Lunges_With_Plate_Leg_Exercise_Demo_How-to.gif,Beginner
Plie Squats,● Quadriceps,Dumbbells,https://cdn.fitsw.com/assets/img/exerciseGifs/Plie_Squats_Legs_Inner_Thigh_Quad_Exercise_Demo_How-to.gif,Beginner
Resistance Band Side Squats,● Quadriceps,Resistance Band,https://cdn.fitsw.com/assets/img/exerciseGifs/Resistance_Band_Side_Squats_Quadriceps_-_Exercise_Demo.gif,Beginner
Reverse Squat Press Squat,● Quadriceps,None,https://cdn.fitsw.com/assets/img/exerciseGifs/Reverse-Squat-Press-Squat.gif,Intermediate
Reverse Tri Lunge,● Quadriceps,None,https://cdn.fitsw.com/assets/img/exerciseGifs/Reverse-Tri-Lunge.gif,Intermediate
Rocket Jump,● Quadriceps,None,https://cdn.fitsw.com/assets/img/exerciseGifs/Rocket_Jump_Quads_Leg_Exercise_Demo_How-to.gif,Beginner
Rolling Squat,● Quadriceps,None,https://cdn.fitsw.com/assets/img/exerciseGifs/Rolling-Squat.gif,Advanced
Scissors Jump,● Quadriceps,None,https://cdn.fitsw.com/assets/img/exerciseGifs/Scissors_Jump_Quads_Leg_Exercise_Demo_How-to.gif,Beginner
Side Lunge,● Quadriceps,None,https://cdn.fitsw.com/assets/img/exerciseGifs/Side_Lunge_Leg_Exercise_Demo_How-to.gif,Beginner
Side Squats,● Quadriceps,None,https://cdn.fitsw.com/assets/img/exerciseGifs/Side_Squats_Quadriceps_-_Exercise_Demo.gif,Beginner
Single Leg Barbell Step-ups,● Quadriceps,None,https://cdn.fitsw.com/assets/img/exerciseGifs/Single-Leg-Step-ups.gif,Advanced
Single Leg Box Squat,● Quadriceps,Box,https://cdn.fitsw.com/assets/img/exerciseGifs/Single_Leg_Box_Squat_Exercise_Demo_How-to.gif,Intermediate
Single Leg Leg Press,● Quadriceps,Machine,https://cdn.fitsw.com/assets/img/exerciseGifs/Single_Leg_Leg_Press_Leg_Exercise_Demo_How-to.gif,Intermediate
Single Leg Push-Off,● Quadriceps,Box,https://cdn.fitsw.com/assets/img/exerciseGifs/Single_Leg_Push-Off_Quads_Leg_Exercise_Demo_How-to.gif,Beginner
Single Leg Reverse Squat,● Quadriceps,None,https://cdn.fitsw.com/assets/img/exerciseGifs/Single-Leg-Reverse-Squat.gif,Advanced
Single-Leg High Box Squat,● Quadriceps,Box,https://cdn.fitsw.com/assets/img/exerciseGifs/Single-Leg_High_Box_Squat_Legs_Quadriceps_Exercise_Demo_How-to.gif,Beginner
Smith Hack Squat,● Quadriceps,Smith Machine,https://cdn.fitsw.com/assets/img/exerciseGifs/Smith_Hack_Squat_Quads_Leg_Exercise_Demo_How-to.gif,Intermediate
Smith Machine Leg Press,● Quadriceps,Smith Machine,https://cdn.fitsw.com/assets/img/exerciseGifs/Smith_Machine_Leg_Press_Quadriceps_Leg_Exercise_Demo_How-to.gif,Intermediate
Smith Machine Rear Lunge,● Quadriceps,Smith Machine,https://cdn.fitsw.com/assets/img/exerciseGifs/Smith_Machine_Rear_Lunge_Quadriceps_-_Exercise_Demo.gif,Beginner
Smith Single Leg Split Squat,● Quadriceps,Smith Machine,https://cdn.fitsw.com/assets/img/exerciseGifs/Smith_Single_Leg_Split_Squat_Legs_Quad_Exercise_Demo_How-to.gif,Beginner
Smith Single Leg Tucked Squat,● Quadriceps,Smith Machine,https://cdn.fitsw.com/assets/img/exerciseGifs/Smith_Single_Leg_Tucked_Squat_Legs_Quad_Exercise_Demo_How-to.gif,Intermediate
Smith Wide Squat,● Quadriceps,Smith Machine,https://cdn.fitsw.com/assets/img/exerciseGifs/Smith_Wide_Squat_Legs_Quad_Exercise_Demo_How-to.gif,Beginner
Split Jerk,● Quadriceps,Barbell,https://cdn.fitsw.com/assets/img/exerciseGifs/Split_Jerk_Quads_Leg_Exercise_Demo_How-to.gif,Intermediate
Squat Jumps,● Quadriceps,None,https://cdn.fitsw.com/assets/img/exerciseGifs/Squat_Jumps.gif,Beginner
Squat Thrusts,● Quadriceps,None,,Intermediate
Squat With Chains,● Quadriceps,Barbell,https://cdn.fitsw.com/assets/img/exerciseGifs/Squat_With_Chains_Legs_Quad_Exercise_Demo_How-to.gif,Intermediate
Stability Ball Wall Squat,● Quadriceps,Stability Ball,https://cdn.fitsw.com/assets/img/exerciseGifs/Stability_Ball_Wall_Squat_Leg_Exercise_Demo_How-to.gif,Beginner
Stairmaster,● Quadriceps,Machine,https://cdn.fitsw.com/assets/img/exerciseGifs/Stairmaster_Cardio_Leg_Exercise_Demo_How-to.gif,Intermediate
Star Jacks,● Quadriceps,None,https://cdn.fitsw.com/assets/img/exerciseGifs/Starjacks.gif,Intermediate
Suitcase Deadlift,● Quadriceps,Barbell,https://cdn.fitsw.com/assets/img/exerciseGifs/Suitcase_Deadlift_Leg_Exercise_Demo_How-to.gif,Advanced
Sumo Squats with Dumbbell,● Quadriceps,Dumbbells,https://cdn.fitsw.com/assets/img/exerciseGifs/Sumo_Squats_with_Dumbbell_Legs_Quad_Exercise_Demo_How-to.gif,Beginner
Suspended TRX Single Leg Squat,● Quadriceps,TRX,https://cdn.fitsw.com/assets/img/exerciseGifs/Suspended_TRX_Single_Leg_Squat_Legs_Quad_Exercise_Demo_How-to.gif,Intermediate
Suspended TRX Split Squat,● Quadriceps,TRX,https://cdn.fitsw.com/assets/img/exerciseGifs/Suspended__TRX_Split_Squat_Quads_Leg_Exercise_Demo_How-to.gif,Intermediate
Unstable Barbell Squat With Weights Hanging from Bands,● Quadriceps,"Barbell, Resistance Band",https://cdn.fitsw.com/assets/img/exerciseGifs/Unstable-Barbell-Squat-With-Weights-Hanging-from-Bands.gif,Advanced
Walking Prisoner Lunge,● Quadriceps,None,https://cdn.fitsw.com/assets/img/exerciseGifs/Walking_Prisoner_Lunge_Legs_Quad_Exercise_Demo_How-to.gif,Beginner
Wall Ball Squat,● Quadriceps,Medicine Ball,https://cdn.fitsw.com/assets/img/exerciseGifs/Wall_Ball_Squat_Legs_Quad_Exercise_Demo_How-to.gif,Intermediate
Wall Sits,● Quadriceps,None,https://cdn.fitsw.com/assets/img/exerciseGifs/Wall_Sits_Quadriceps_-_Exercise_Demo.gif,Beginner
Weighted Bulgarian Split Squat,● Quadriceps,Barbell,https://cdn.fitsw.com/assets/img/exerciseGifs/Weighted_Bulgarian_Split_Squat_Exercise_Demo_How-to.gif,Advanced
Weighted Jump Squat,● Quadriceps,Barbell,https://cdn.fitsw.com/assets/img/exerciseGifs/Weighted_Jump_Squat_Quads_Leg_Exercise_Demo_How-to.gif,Intermediate
Weighted Side Step Overs on Box,● Quadriceps,Box,https://cdn.fitsw.com/assets/img/exerciseGifs/Weighted-Side-Step-Overs-on-Box.gif,Advanced
Weighted Sissy Squat,● Quadriceps,Barbell,https://cdn.fitsw.com/assets/img/exerciseGifs/Weighted_Sissy_Squat_Quads_Leg_Exercise_Demo_How-to.gif,Advanced
Wide-Stance Barbell Squat,● Quadriceps,Barbell,https://cdn.fitsw.com/assets/img/exerciseGifs/Wide-Stance_Barbell_Squat_Quads_Leg_Exercise_Demo_How-to.gif,Beginner
Zercher squat,● Quadriceps,Barbell,https://cdn.fitsw.com/assets/img/exerciseGifs/Zercher_Squat_Leg_Exercise_Demo_How-to.gif,Advanced
Alternating Cable Front Raise,● Shoulders,Cable,https://cdn.fitsw.com/assets/img/exerciseGifs/Alternating_Cable_Front_Raise_Shoulders_Delt_Exercise_Demo_How-to.gif,Beginner
Alternating Cable Shoulder Press,● Shoulders,Cable,https://cdn.fitsw.com/assets/img/exerciseGifs/Alternating_Shoulder_Cable_Press_Delts_Shoulder_Exercise_Demo_How-to.gif,Beginner
Alternating Deltoid Raise,● Shoulders,Dumbbells,https://cdn.fitsw.com/assets/img/exerciseGifs/Alternating_Deltoid_Raise_Delts_Shoulder_Exercise_Demo_How-to.gif,Beginner
Alternating Kettlebell Press,● Shoulders,Kettlebell,https://cdn.fitsw.com/assets/img/exerciseGifs/Alternating_KettleBell_Press_Shoulder_Exercise_Demo_How-to.gif,Intermediate
Alternating Vertical Wave Battle Ropes,● Shoulders,Battle Rope,https://cdn.fitsw.com/assets/img/exerciseGifs/Alternating-Vertical-Wave-Battle-Ropes.gif,Intermediate
Anti-Gravity Press,● Shoulders,Barbell,https://cdn.fitsw.com/assets/img/exerciseGifs/Anti-Gravity_Press_Shoulder_Exercise_Demo_How-to.gif,Beginner
Arnold Press,● Shoulders,Dumbbells,https://cdn.fitsw.com/assets/img/exerciseGifs/Arnold_Press_Shoulders_Delt_Exercise_Demo_How-to.gif,Intermediate
Barbell Clean and Jerk,● Shoulders,Barbell,https://cdn.fitsw.com/assets/img/exerciseGifs/Barbell-Clean-and-Jerk.gif,Advanced
Barbell Front Raise,● Shoulders,Barbell,https://cdn.fitsw.com/assets/img/exerciseGifs/Barbell_Front_Raise_Shoulder_Delt_Exercise_Demo_How-to.gif,Beginner
Barbell Lying Rear Delt Row,● Shoulders,Barbell,https://cdn.fitsw.com/assets/img/exerciseGifs/Barbell_Lying_Rear_Delt_Row_Back_Delt_Exercise_Demo_How-to.gif,Beginner
Barbell Rear Delt Raise,● Shoulders,Barbell,https://cdn.fitsw.com/assets/img/exerciseGifs/Barbell_Rear_Delt_Raise_Exercise_Demo_How-to.gif,Intermediate
Barbell Rear Delt Row,● Shoulders,Barbell,https://cdn.fitsw.com/assets/img/exerciseGifs/Barbell_Rear_Delt_Row_Shoulder_Exercise_Demo_How-to.gif,Beginner
Barbell Upright Row,● Shoulders,Barbell,https://cdn.fitsw.com/assets/img/exerciseGifs/Barbell_Upright_Row_Shoulder_Exercise_Demo_How-to.gif,Beginner
Battling Ropes,● Shoulders,Battle Rope,https://cdn.fitsw.com/assets/img/exerciseGifs/Battling_Ropes_Arms_Shoulder_Exercise_Demo_How-to.gif,Beginner
Bent Over Dumbbell Rear Delt Raise With Head On Bench,● Shoulders,Dumbbells,https://cdn.fitsw.com/assets/img/exerciseGifs/Bent_Over_Dumbbell_Rear_Delt_Raise_With_Head_On_Bench_Rear_Delts_Shoulder_Exercise_Demo_How-to.gif,Beginner
Bent Over Low-Pulley Side Lateral,● Shoulders,Cable,https://cdn.fitsw.com/assets/img/exerciseGifs/Bent_Over_Low-Pulley_Side_Lateral_Shoulder_Exercise_Demo_How-to.gif,Beginner
Bradford/Rocky Presses,● Shoulders,Barbell,https://cdn.fitsw.com/assets/img/exerciseGifs/Bradford_Press_(Rocky_Press)_-_Shoulder_Exercise_Demo_How-to.gif,Beginner
Cable External Rotations,● Shoulders,Cable,https://cdn.fitsw.com/assets/img/exerciseGifs/Cable_External_Rotations_Exercise_Demo_How-to.gif,Beginner
Cable Face Pulls,● Shoulders,Cable,https://cdn.fitsw.com/assets/img/exerciseGifs/Cable_Facepull_Exercise_Demo_How-to.gif,Intermediate
Cable Internal Rotations,● Shoulders,Cable,https://cdn.fitsw.com/assets/img/exerciseGifs/Cable_Internal_Rotation_Exercise_Demo_How-to.gif,Beginner
Cable Lateral Shoulder Raise Bilateral,● Shoulders,Cable,https://cdn.fitsw.com/assets/img/exerciseGifs/Cable_Lateral_Shoulder_Raise_Bilateral_Shoulder_Exercise_Demo_How-to.gif,Beginner
Cable Reverse Fly,● Shoulders,Cable,https://cdn.fitsw.com/assets/img/exerciseGifs/Cable_Reverse_Fly_Shoulders_Upper_Back_Rear_Delt_Exercise_Demo_How-to.gif,Beginner
Cable Rope Rear-Delt Rows,● Shoulders,Cable,https://cdn.fitsw.com/assets/img/exerciseGifs/Cable_Rope_Rear-Delt_Rows_Shoulder_Exercise_Demo_How-to.gif,Beginner
Cable Shoulder Press,● Shoulders,Cable,https://cdn.fitsw.com/assets/img/exerciseGifs/Standing_Cable_Shoulder_Press_Shoulder_Exercise_Demo_How-to.gif,Beginner
Cable Shoulder Press Behind Neck,● Shoulders,Cable,https://cdn.fitsw.com/assets/img/exerciseGifs/Cable_Shoulder_Press_Behind_Neck_Shoulders_Delt_Exercise_Demo_How-to.gif,Intermediate
Cable Single-Arm Lateral Raise,● Shoulders,Cable,https://cdn.fitsw.com/assets/img/exerciseGifs/Cable_One_Arm_Lateral_Raise_Shoulder_Exercise_Demo_How-to.gif,Beginner
Cable Twisting Overhead Press,● Shoulders,Cable,https://cdn.fitsw.com/assets/img/exerciseGifs/Cable_Twisting_Overhead_Press_-_Shoulder_Exercise_Demo_How-to.gif,Intermediate
Cable Upright Row,● Shoulders,Cable,https://cdn.fitsw.com/assets/img/exerciseGifs/Cable_Upright_Row_Shoulders_-_Exercise_Demo.gif,Intermediate
Cable Y Raise,● Shoulders,Cable,https://cdn.fitsw.com/assets/img/exerciseGifs/Cable_Y_Raise_Side_Delts__Lateral_Delts_Shoulder_Exercise_Demo_How-to.gif,Intermediate
Cable Y Raise with Rope,● Shoulders,Cable,https://cdn.fitsw.com/assets/img/exerciseGifs/Cable_Y_Raise_with_Rope_Attachment_Side_Delts__Lateral_Delts_Shoulder_Exercise_Demo_How-to.gif,Intermediate
Car Drivers,● Shoulders,Barbell,https://cdn.fitsw.com/assets/img/exerciseGifs/Car_Drivers_Shoulder_Exercise_Demo_How-to.gif,Beginner
Cuban Press,● Shoulders,Dumbbells,https://cdn.fitsw.com/assets/img/exerciseGifs/Cuban_Press_Delts_Shoulder_Exercise_Demo_How-to.gif,Intermediate
Dumbbell Bent Over Raise,● Shoulders,Dumbbells,https://cdn.fitsw.com/assets/img/exerciseGifs/Dumbbell_Bent_Over_Raise_Exercise_Demo_How-to.gif,Beginner
Dumbbell Front Raises,● Shoulders,Dumbbells,https://cdn.fitsw.com/assets/img/exerciseGifs/Dumbbell_Front_Raises_-_Shoulders_Exercise_Demo.gif,Beginner
Dumbbell Incline Lateral Raise,● Shoulders,Dumbbells,https://cdn.fitsw.com/assets/img/exerciseGifs/Dumbbell_Incline_Lateral_Raise_Shoulder_Exercise_Demo_How-to.gif,Beginner
Dumbbell Incline Prone Front Raise,● Shoulders,Dumbbells,https://cdn.fitsw.com/assets/img/exerciseGifs/Dumbbell_Incline_Prone_Front_Raise_Shoulders_Delt_Exercise_Demo_How-to.gif,Beginner
Dumbbell Lateral Raise,● Shoulders,Dumbbells,https://cdn.fitsw.com/assets/img/exerciseGifs/Dumbbell_Lateral_Raise_Shoulder_Exercise_Demo_How-to.gif,Beginner
Dumbbell Lying Lateral Raise,● Shoulders,Dumbbells,https://cdn.fitsw.com/assets/img/exerciseGifs/Lying_Lateral_Raise_w_Dumbbell_Shoulder_Exercise_Demo_How-to.gif,Beginner
Dumbbell Lying Single-Arm Rear Lateral Raise,● Shoulders,Dumbbells,https://cdn.fitsw.com/assets/img/exerciseGifs/Dumbbell_Lying_One-Arm_Rear_Lateral_Raise_Shoulder_Exercise_Demo_How-to.gif,Intermediate
Dumbbell Rear Delt Row,● Shoulders,Dumbbells,https://cdn.fitsw.com/assets/img/exerciseGifs/Dumbbell_Rear_Delt_Row_Rear_Delt_Back_Exercise_Demo_How-to.gif,Beginner
Dumbbell Shoulder Raise,● Shoulders,Dumbbells,https://cdn.fitsw.com/assets/img/exerciseGifs/Dumbbell_Shoulder_Raise_Shoulder_Exercise_Demo_How-to.gif,Beginner
Dumbbell Side Lateral Raise,● Shoulders,Dumbbells,https://cdn.fitsw.com/assets/img/exerciseGifs/Side_Lateral_Raises_Shoulders_-_Exercise_Demo.gif,Beginner
Dumbbell Single-Arm Lateral Raise,● Shoulders,Dumbbells,https://cdn.fitsw.com/assets/img/exerciseGifs/One_Arm_Lateral_Raise_Dumbbell_Shoulder_Exercise_Demo_How-to.gif,Beginner
Dumbbell Upright Row,● Shoulders,Dumbbells,https://cdn.fitsw.com/assets/img/exerciseGifs/Standing-Upright-Dumbbell-Row.gif,Beginner
External Rotation,● Shoulders,Dumbbells,https://cdn.fitsw.com/assets/img/exerciseGifs/External_Rotation_Shoulders_Rotator_Cuff_Exercise_Demo_How-to.gif,Beginner
Front Cable Raise,● Shoulders,Cable,https://cdn.fitsw.com/assets/img/exerciseGifs/Front_Cable_Raise_Delts_Shoulder_Exercise_Demo_How-to.gif,Beginner
Front Dumbbell Raise,● Shoulders,Dumbbells,https://cdn.fitsw.com/assets/img/exerciseGifs/Front_Dumbbell_Raise_Delt_Shoulder_Exercise_Demo_How-to.gif,Beginner
Handstand Push-ups,● Shoulders,None,https://cdn.fitsw.com/assets/img/exerciseGifs/Handstand_Push-ups_Shoulders_Core_Delt_Exercise_Demo_How-to.gif,Advanced
Incline Dumbbell Rear Lateral Raise,● Shoulders,Dumbbells,https://cdn.fitsw.com/assets/img/exerciseGifs/Incline_Dumbbell_Rear_Lateral_Raise_Exercise_Demo_How-to.gif,Intermediate
Internal Rotation With Band,● Shoulders,Resistance Band,https://cdn.fitsw.com/assets/img/exerciseGifs/Internal_Rotation_with_Bands_Rotator_Cuff_Shoulder_Exercise_Demo_How-to.gif,Beginner
Iron Cross,● Shoulders,Dumbbells,https://cdn.fitsw.com/assets/img/exerciseGifs/Iron_Cross_Shoulders_Exercise_Demo_How-to.gif,Intermediate
Kettlebell Stability Press,● Shoulders,Kettlebell,https://cdn.fitsw.com/assets/img/exerciseGifs/Kettlebell-Stability-Press.gif,Advanced
Kettlebell Thruster,● Shoulders,Kettlebell,https://cdn.fitsw.com/assets/img/exerciseGifs/Kettlebell_Thruster_Shoulders_Delt_Exercise_Demo_How-to.gif,Intermediate
Kettlebell Turkish Get-Up (Lunge Style),● Shoulders,Kettlebell,https://cdn.fitsw.com/assets/img/exerciseGifs/Turkish-Get-Up-(Lunge-Style).gif,Intermediate
Kettlebell Turkish Get-Up (Squat Style),● Shoulders,Kettlebell,https://cdn.fitsw.com/assets/img/exerciseGifs/Turkish-Get-Up-Squat-Style.gif,Intermediate
Kipping Handstand Push-ups,● Shoulders,Wall,https://cdn.fitsw.com/assets/img/exerciseGifs/Kipping-Handstand-Push-up.gif,Advanced
Kneeling Front Raise Plate,● Shoulders,None,https://cdn.fitsw.com/assets/img/exerciseGifs/Kneeling-Front-Raise-Plate.gif,Beginner
Landmine Press,● Shoulders,Barbell,https://cdn.fitsw.com/assets/img/exerciseGifs/Barbell_Landmine_Press_Exercise_Demo_How-to.gif,Beginner
Landmine Squat to One Arm Overhead Press,● Shoulders,"Barbell, Landmine",https://cdn.fitsw.com/assets/img/exerciseGifs/Landmine-Squat-to-One-Arm-Overhead-Press.gif,Intermediate
Leaning Single-Arm Dumbbell Lateral Raise,● Shoulders,Dumbbells,https://cdn.fitsw.com/assets/img/exerciseGifs/Leaning-One-Arm-Lateral-Raise.gif,Intermediate
Leverage Shoulder Press,● Shoulders,Machine,https://cdn.fitsw.com/assets/img/exerciseGifs/Leverage_Shoulder_Press_Shoulders_Delt_Exercise_Demo_How-to.gif,Beginner
Low Pulley Row To Neck,● Shoulders,Cable,https://cdn.fitsw.com/assets/img/exerciseGifs/Low_Pulley_Row_to_Neck_Rear-delts_Shoulder_Exercise_Demo_How-to.gif,Beginner
Lying Lateral Side Raises Incline Bench,● Shoulders,Dumbbells,https://cdn.fitsw.com/assets/img/exerciseGifs/Lying_Lateral_Side_Raises_Incline_Bench_Delts_Shoulder_Exercise_Demo_How-to.gif,Beginner
Lying Rear Delt Raise,● Shoulders,Dumbbells,https://cdn.fitsw.com/assets/img/exerciseGifs/Lying_Rear_Delt_Raise_-_Shoulder_Exercise_Demo_How-to.gif,Intermediate
Military Press,● Shoulders,Barbell,https://cdn.fitsw.com/assets/img/exerciseGifs/MilitaryPress.gif,Advanced
Overhead Front Raise With Plate,● Shoulders,Weight Plate,https://cdn.fitsw.com/assets/img/exerciseGifs/Overhead_Front_Raise_With_Plate_Shoulders_-_Exercise_Demo.gif,Intermediate
Plate Front Raises,● Shoulders,Weight Plate,https://cdn.fitsw.com/assets/img/exerciseGifs/Plate_Front_Raises_Shoulders_-_Exercise_Demo.gif,Intermediate
Power Clean,● Shoulders,Barbell,https://cdn.fitsw.com/assets/img/exerciseGifs/Power-Clean.gif,Advanced
Push Press,● Shoulders,Barbell,https://cdn.fitsw.com/assets/img/exerciseGifs/Push_Press_Delts_Shoulder_Exercise_Demo_How-to.gif,Advanced
Rear Delt Fly Resistance Band,● Shoulders,Resistance Band,https://cdn.fitsw.com/assets/img/exerciseGifs/Rear_Delt_Fly_Resistance_Band_Shoulders_Delt_Exercise_Demo_How-to.gif,Beginner
Rear Delt Single Side Cable Fly,● Shoulders,None,https://cdn.fitsw.com/assets/img/exerciseGifs/Rear-Delt-Single-Side-Cable-Fly.gif,Beginner
Resistance Band Cobra,● Shoulders,Resistance Band,https://cdn.fitsw.com/assets/img/exerciseGifs/Resistance_Band_Cobra_Shoulders_Rear_Delt_Exercise_Demo_How-to.gif,Beginner
Resistance Band Pull Aparts,● Shoulders,Resistance Band,https://cdn.fitsw.com/assets/img/exerciseGifs/Resistance_Band_Pull_Apart_Exercise_Demo_How-to.gif,Beginner
Resistance Band Reverse Fly,● Shoulders,Resistance Band,https://cdn.fitsw.com/assets/img/exerciseGifs/Resistance_Band_Reverse_Fly_Shoulders_-_Exercise_Demo.gif,Beginner
Reverse Flyes,● Shoulders,Dumbbells,https://cdn.fitsw.com/assets/img/exerciseGifs/Reverse_Flyes_Shoulder_Exercise_Demo_How-to.gif,Beginner
Reverse Flyes Machine,● Shoulders,Machine,https://cdn.fitsw.com/assets/img/exerciseGifs/Reverse_Flyes_Machine_Shoulder_Exercise_Demo_How-to.gif,Beginner
Reverse Flyes With External Rotation,● Shoulders,Dumbbells,https://cdn.fitsw.com/assets/img/exerciseGifs/Reverse_Flyes_with_External_Rotation_Delts_Shoulder_Exercise_Demo_How-to.gif,Intermediate
Seated Barbell Overhead Press (Shoulder Press),● Shoulders,Barbell,https://cdn.fitsw.com/assets/img/exerciseGifs/Barbell_Shoulder_Press_Shoulder_Exercise_Demo_How-to.gif,Intermediate
Seated Bent-Over Rear Delt Raise,● Shoulders,Dumbbells,https://cdn.fitsw.com/assets/img/exerciseGifs/Seated_Bent-Over_Rear_Delt_Raise_Shoulder_Exercise_Demo_How-to.gif,Intermediate
Seated Cable Shoulder Press,● Shoulders,Cable,https://cdn.fitsw.com/assets/img/exerciseGifs/Seated_Cable_Shoulder_Press_Shoulder_Exercise_Demo_How-to.gif,Beginner
Seated Dumbbell Incline Prone Front Raise,● Shoulders,Dumbbells,https://cdn.fitsw.com/assets/img/exerciseGifs/Seated_Dumbbell_Incline_Prone_Front_Raise_Shoulders_Deltoid_Exercise_Demo_How-to.gif,Intermediate
Seated Dumbbell Shoulder Press,● Shoulders,"Bench, Dumbbells",https://cdn.fitsw.com/assets/img/exerciseGifs/Seated_Dumbbell_Shoulder_Press_Shoulders_Deltoid_Exercise_Demo_How-to.gif,Beginner
Seated Dumbbell Shoulder Press - No Back,● Shoulders,"Bench, Dumbbells",https://cdn.fitsw.com/assets/img/exerciseGifs/Seated_Dumbbell_Shoulder_Press_-_No_Backrest_Shoulder_Exercise_Demo_How-to.gif,Beginner
Seated Dumbbell Side Lateral Raise,● Shoulders,"Bench, Dumbbells",https://cdn.fitsw.com/assets/img/exerciseGifs/Seated_Side_Lateral_Raise_Shoulder_Exercise_Demo_How-to.gif,Beginner
Shoulder Press Machine,● Shoulders,Machine,https://cdn.fitsw.com/assets/img/exerciseGifs/Shoulder_Press_Machine_Exercise_Demo_How-to.gif,Beginner
Side Laterals To Front Raise,● Shoulders,Dumbbells,https://cdn.fitsw.com/assets/img/exerciseGifs/Side_laterals_to_front_raise_Delts_Shoulder_Exercise_Demo_How-to.gif,Beginner
Simultaneous Horizontal Wave Battle Ropes,● Shoulders,Battle Rope,https://cdn.fitsw.com/assets/img/exerciseGifs/Simultaneous-Horizontal-Wave-Battle-Ropes.gif,Intermediate
Simultaneous Vertical Wave Battle Rope,● Shoulders,Battle Rope,https://cdn.fitsw.com/assets/img/exerciseGifs/Simultaneous-Vertical-Wave-Battle-Rope.gif,Intermediate
Single Arm Dumbbell Upright Row,● Shoulders,Dumbbells,https://cdn.fitsw.com/assets/img/exerciseGifs/Single_Arm_Dumbbell_Upright_Row_Traps_Shoulder_Exercise_Demo_How-to.gif,Intermediate
Single Arm Incline Raise,● Shoulders,"Bench, Dumbbells",https://cdn.fitsw.com/assets/img/exerciseGifs/Single_Arm_Incline_Raise_Shoulders_Deltoid_Exercise_Demo_How-to.gif,Beginner
Single Arm Shoulder Press Dumbbell,● Shoulders,Dumbbells,https://cdn.fitsw.com/assets/img/exerciseGifs/Single_Arm_Shoulder_Press_Dumbbell_Shoulder_Exercise_Demo_How-to.gif,Intermediate
Single Arm Vertical Wave Battle Ropes,● Shoulders,Battle Rope,https://cdn.fitsw.com/assets/img/exerciseGifs/Single-Arm-Vertical-Wave-Battle-Ropes.gif,Intermediate
Single Dumbbell Raise,● Shoulders,Dumbbells,https://cdn.fitsw.com/assets/img/exerciseGifs/Single_Dumbbell_Raise_Shoulder_Exercise_Demo_How-to.gif,Beginner
Single Side Cable Shoulder Press,● Shoulders,None,https://cdn.fitsw.com/assets/img/exerciseGifs/Single-Side-Cable-Shoulder-Press.gif,Intermediate
Single-Arm Incline Lat Raise,● Shoulders,Dumbbells,https://cdn.fitsw.com/assets/img/exerciseGifs/ONE_ARM_INCLINE_LATERAL_RAISE.gif,Beginner
Single-Arm Kettlebell Push Press,● Shoulders,Kettlebell,https://cdn.fitsw.com/assets/img/exerciseGifs/One-Arm_Kettlebell_Push_Press_Delt_Shoulder_Exercise_Demo_How-to.gif,Intermediate
Single-Arm Kettlebell Snatch,● Shoulders,Kettlebell,https://cdn.fitsw.com/assets/img/exerciseGifs/One_Arm_Kettlebell_Snatch_Exercise_Demo_How-to.gif,Advanced
Single-Arm Linear Jammer,● Shoulders,Barbell,https://cdn.fitsw.com/assets/img/exerciseGifs/Single-Arm_Linear_Jammer_Shoulder_Exercise_Demo_How-to.gif,Intermediate
Single-Arm Side Laterals,● Shoulders,Dumbbells,https://cdn.fitsw.com/assets/img/exerciseGifs/One-arm_Side_Laterals_Shoulder_Exercise_Demo_How-to.gif,Beginner
Smith Machine Overhead Shoulder Press,● Shoulders,Smith Machine,https://cdn.fitsw.com/assets/img/exerciseGifs/Smith_Machine_Overhead_Shoulder_Press_Shoulder_Exercise_Demo_How-to.gif,Beginner
Smith Shoulder Press,● Shoulders,Smith Machine,https://cdn.fitsw.com/assets/img/exerciseGifs/Smith_Shoulder_Press_Shoulders_Delt_Exercise_Demo_How-to.gif,Beginner
Smith Upright Row,● Shoulders,Smith Machine,https://cdn.fitsw.com/assets/img/exerciseGifs/Smith_Machine_Upright_Rows_Shoulders_Deltoid_Exercise_Demo_How-to.gif,Beginner
Snatch-Grip Behind-The-Neck Overhead Press,● Shoulders,Barbell,https://cdn.fitsw.com/assets/img/exerciseGifs/Snatch-Grip_Behind-the-neck_Overhead_Press_Shoulder_Exercise_Demo_How-to.gif,Intermediate
Standing Alternating Dumbbell Press,● Shoulders,Dumbbells,https://cdn.fitsw.com/assets/img/exerciseGifs/Standing_Alternating_Dumbbell_Press_Delts_Shoulder_Exercise_Demo_How-to.gif,Beginner
Standing Arnold Press,● Shoulders,Dumbbells,https://cdn.fitsw.com/assets/img/exerciseGifs/Standing_Arnold_Press_Shoulders_Delt_(Deltoid)_Exercise_Demo_How-to.gif,Intermediate
Standing Barbell Overhead Press (Shoulder Press),● Shoulders,Barbell,https://cdn.fitsw.com/assets/img/exerciseGifs/Standing_Military_Press_Shoulder_Exercise_Demo_How-to.gif,Beginner
Standing Bradford Press,● Shoulders,Barbell,https://cdn.fitsw.com/assets/img/exerciseGifs/Standing_Bradford_Press_Shoulder_Exercise_Demo_How-to.gif,Beginner
Standing Dumbbell Cobra,● Shoulders,Dumbbells,https://cdn.fitsw.com/assets/img/exerciseGifs/Standing_Dumbbell_Cobra_Shoulders_Back_Exercise_Demo_How-to.gif,Beginner
Standing Dumbbell Front Delt Raise Above Head,● Shoulders,Dumbbells,https://cdn.fitsw.com/assets/img/exerciseGifs/Standing_Dumbbell_Front_Delt_Raise_Above_Head_Delts_Shoulder_Exercise_Demo_How-to.gif,Intermediate
Standing Dumbbell Press,● Shoulders,Dumbbells,https://cdn.fitsw.com/assets/img/exerciseGifs/Standing_Dumbbell_Press_Delts_Shoulder_Exercise_Demo_How-to.gif,Beginner
Standing Dumbbell Shoulder Press,● Shoulders,Dumbbells,https://cdn.fitsw.com/assets/img/exerciseGifs/Standing-Dumbbell-Shoulder-Press.gif,Intermediate
Standing Palm-In Single-Arm Dumbbell Press,● Shoulders,Dumbbells,https://cdn.fitsw.com/assets/img/exerciseGifs/Standing_Palm-in_One-Arm_Dumbbell_Press_Delts_Shoulder_Exercise_Demo_How-to.gif,Beginner
Standing Palms-In Dumbbell Press,● Shoulders,Dumbbells,https://cdn.fitsw.com/assets/img/exerciseGifs/Standing_Palms-in_Dumbbell_Press_Delts_Shoulder_Exercise_Demo_How-to.gif,Intermediate
Standing Two-Arm Kettlebell Overhead Press (Shoulder Press),● Shoulders,Kettlebell,https://cdn.fitsw.com/assets/img/exerciseGifs/Two-Arm_Kettlebell_Military_Press_Delts_Shoulder_Exercise_Demo_How-to.gif,Intermediate
Straight Raises On Incline Bench,● Shoulders,"Barbell, Bench",https://cdn.fitsw.com/assets/img/exerciseGifs/Straight_Raises_on_Incline_Bench_Shoulder_Exercise_Demo_How-to.gif,Beginner
Suspended TRX Front Raise,● Shoulders,TRX,https://cdn.fitsw.com/assets/img/exerciseGifs/Suspended_TRX_Front_Raise_Shoulder_Exercise_Demo_How-to.gif,Intermediate
Suspended TRX Rear Delt Row,● Shoulders,TRX,https://cdn.fitsw.com/assets/img/exerciseGifs/Suspended_TRX_Rear_Delt_Row_Shoulder_Exercise_Demo_How-to.gif,Intermediate
Suspended TRX Reverse Fly,● Shoulders,TRX,https://cdn.fitsw.com/assets/img/exerciseGifs/Suspended_TRX_Reverse_Fly_Shoulder_Back_Exercise_Demo_How-to.gif,Intermediate
Svend Press,● Shoulders,None,https://cdn.fitsw.com/assets/img/exerciseGifs/Svend-Press.gif,Intermediate
T Bar Rear Delt Row,● Shoulders,Machine,https://cdn.fitsw.com/assets/img/exerciseGifs/T_Bar_Rear_Delt_Row_Rear_Deltoid_Back_Shoulders_Exercise_Demo_How-to.gif,Beginner
T Raises,● Shoulders,Dumbbells,https://cdn.fitsw.com/assets/img/exerciseGifs/T_Raises_Shoulder_Exercise_Demo_How-to.gif,Beginner
Wall Angels,● Shoulders,None,https://cdn.fitsw.com/assets/img/exerciseGifs/Wall_Angel_and_Stretch_Exercise_Demo_How-to.gif,Beginner
Wall Walks,● Shoulders,None,https://cdn.fitsw.com/assets/img/exerciseGifs/Wall-Walks.gif,Advanced
Advanced IT Band Stretch,● Stretching,None,https://cdn.fitsw.com/assets/img/exerciseGifs/AdvancedITBandStretch.gif,Intermediate
Camel Bridge,● Stretching,None,https://cdn.fitsw.com/assets/img/exerciseGifs/CamelBridge.gif,Intermediate
Camel Stretch,● Stretching,None,https://cdn.fitsw.com/assets/img/exerciseGifs/CamelStretch.gif,Beginner
Cat Stretch,● Stretching,None,https://cdn.fitsw.com/assets/img/exerciseGifs/CatStretch.gif,Beginner
Childs Pose,● Stretching,None,https://cdn.fitsw.com/assets/img/exerciseGifs/ChildsPose.gif,Beginner
Gluteal and Outer Thigh Stretch,● Stretching,None,https://cdn.fitsw.com/assets/img/exerciseGifs/GlutealandOuterThighStretch.gif,Beginner
Hamstring Stretch w/ Band,● Stretching,Resistance Band,https://cdn.fitsw.com/assets/img/exerciseGifs/Hamstring_Stretch_w_Band_Leg_Exercise_Stretch_Demo_How-to.gif,Beginner
Inner thigh squat stretch,● Stretching,None,https://cdn.fitsw.com/assets/img/exerciseGifs/InnerThighSquatStretch.gif,Intermediate
Knee Hug to Quad Stretch,● Stretching,None,https://cdn.fitsw.com/assets/img/exerciseGifs/Knee_Hug_to_Quad_Stretch_Stretch_Exercise_Demo_How-to.gif,Beginner
Leaning Single-Leg Calf Stretch,● Stretching,None,https://cdn.fitsw.com/assets/img/exerciseGifs/LeaningSingleLegCalfStretch.gif,Beginner
Lying Abs Stretch,● Stretching,None,https://cdn.fitsw.com/assets/img/exerciseGifs/LyingAbsStretch.gif,Beginner
Lying Double Knee Hug,● Stretching,None,https://cdn.fitsw.com/assets/img/exerciseGifs/LyingDoubleKneeHug.gif,Beginner
Lying Hamstring Stretch,● Stretching,None,https://cdn.fitsw.com/assets/img/exerciseGifs/LyingHamstringStretch.gif,Beginner
Lying Hip & Glute Hug,● Stretching,None,https://cdn.fitsw.com/assets/img/exerciseGifs/LyingHipAndGluteHug.gif,Beginner
Lying Hip & Glute Stretch,● Stretching,None,https://cdn.fitsw.com/assets/img/exerciseGifs/LyingHipAndGluteStretch.gif,Beginner
Lying Single Leg Hug,● Stretching,None,https://cdn.fitsw.com/assets/img/exerciseGifs/LyingSingleLegHug.gif,Beginner
Neck Stretch,● Stretching,None,https://cdn.fitsw.com/assets/img/exerciseGifs/NeckStretch.gif,Beginner
Seated Advanced Modified Hurdler Stretch,● Stretching,None,https://cdn.fitsw.com/assets/img/exerciseGifs/SeatedAdvancedModifiedHurdlerStretch.gif,Intermediate
Seated Butterfly Stretch,● Stretching,None,https://cdn.fitsw.com/assets/img/exerciseGifs/SeatedButterflyStretch.gif,Beginner
Seated Cross-Legged Forward Bend,● Stretching,None,https://cdn.fitsw.com/assets/img/exerciseGifs/SeatedCrossLeggedForwardBend.gif,Beginner
Seated Forward Bend,● Stretching,None,https://cdn.fitsw.com/assets/img/exerciseGifs/SeatedForwardBend.gif,Beginner
Seated Hip and Glute Stretch,● Stretching,None,https://cdn.fitsw.com/assets/img/exerciseGifs/SeatedHipandGluteStretch.gif,Beginner
Seated Modified Hurdler Stretch,● Stretching,None,https://cdn.fitsw.com/assets/img/exerciseGifs/SeatedModifiedHurdlerStretch.gif,Beginner
Seated Side Hurdler Stretch,● Stretching,None,https://cdn.fitsw.com/assets/img/exerciseGifs/SeatedSideHurdlerStretch.gif,Beginner
Side Mermaid Stretch,● Stretching,None,https://cdn.fitsw.com/assets/img/exerciseGifs/SideMermaidStretch.gif,Intermediate
Side Wrist Pull,● Stretching,None,https://cdn.fitsw.com/assets/img/exerciseGifs/Side_Wrist_Pull_Shoulder_Stretch_Stretch_Exercise_Demo_How-to.gif,Beginner
Single-Leg Calf Stretch with Wall,● Stretching,None,https://cdn.fitsw.com/assets/img/exerciseGifs/SingleLegCalfStretchWithWall.gif,Beginner
Standing Advanced Forward Bend,● Stretching,None,https://cdn.fitsw.com/assets/img/exerciseGifs/StandingAdvancedForwardBend.gif,Intermediate
Standing Advanced Hamstring Stretch,● Stretching,None,https://cdn.fitsw.com/assets/img/exerciseGifs/StandingAdvancedHamstringStretch.gif,Intermediate
Standing IT Band Stretch,● Stretching,None,https://cdn.fitsw.com/assets/img/exerciseGifs/StandingITBandStretch.gif,Intermediate
Standing Modified Forward Bend,● Stretching,None,https://cdn.fitsw.com/assets/img/exerciseGifs/StandingModifiedForwardBend.gif,Beginner
Standing Modified Hamstring Stretch,● Stretching,None,https://cdn.fitsw.com/assets/img/exerciseGifs/StandingModifiedHamstringStretch.gif,Beginner
Standing Quad Stretch,● Stretching,None,https://cdn.fitsw.com/assets/img/exerciseGifs/StandingQuadStretch.gif,Beginner
Standing Shoulder Stretch,● Stretching,None,https://cdn.fitsw.com/assets/img/exerciseGifs/StandingShoulderStretch.gif,Beginner
Standing Triceps Stretch,● Stretching,None,https://cdn.fitsw.com/assets/img/exerciseGifs/StandingTricepsStretch.gif,Beginner
Standing Wrist/Biceps Stretch,● Stretching,None,https://cdn.fitsw.com/assets/img/exerciseGifs/StandingWristBicepsStretch.gif,Beginner
Standing Wrist/Forearm Stretch,● Stretching,None,https://cdn.fitsw.com/assets/img/exerciseGifs/StandingWristForearmStretch.gif,Beginner
Stretching,● Stretching,None,,Beginner
Torso Stretch,● Stretching,None,https://cdn.fitsw.com/assets/img/exerciseGifs/TorsoStretch.gif,Beginner
Triangle Pose,● Stretching,None,https://cdn.fitsw.com/assets/img/exerciseGifs/TrianglePose.gif,Intermediate
Upward Dog,● Stretching,None,https://cdn.fitsw.com/assets/img/exerciseGifs/UpwardDog.gif,Intermediate
Wide-Leg Advanced Forward Bend,● Stretching,None,https://cdn.fitsw.com/assets/img/exerciseGifs/Wide-LegAdvancedForwardBend.gif,Intermediate
Wide-Leg Advanced Hamstring Stretch,● Stretching,None,https://cdn.fitsw.com/assets/img/exerciseGifs/Wide-LegAdvancedHamstringStretch.gif,Intermediate
Wide-Leg Modified Forward Bend,● Stretching,None,https://cdn.fitsw.com/assets/img/exerciseGifs/Wide-LegModifiedForwardBend.gif,Beginner
Wide-Leg Modified Hamstring Stretch,● Stretching,None,https://cdn.fitsw.com/assets/img/exerciseGifs/Wide-LegModifiedHamstringStretch.gif,Beginner
Barbell Shrug,● Traps,Barbell,https://cdn.fitsw.com/assets/img/exerciseGifs/Barbell_Shrug_Traps_Back_Exercise_Demo_How-to.gif,Beginner
Calf-Machine Shoulder Shrug,● Traps,Machine,https://cdn.fitsw.com/assets/img/exerciseGifs/Calf_Machine_Shoulder_Shrug_Exercise_Demo_How-to.gif,Beginner
Hex Bar / Trap Bar Deadlift,● Traps,Hex Bar / Trap Bar,https://cdn.fitsw.com/assets/img/exerciseGifs/HexBarDeadlift.gif,Intermediate
Leverage Shrug,● Traps,Machine,https://cdn.fitsw.com/assets/img/exerciseGifs/Smith_Shrug_Traps_Upper_Back_Exercise_Demo_How-to.gif,Beginner
Seated Dumbbell Shrugs,● Traps,"Bench, Dumbbells",https://cdn.fitsw.com/assets/img/exerciseGifs/Seated_Shrugs_Back_Trap_Exercise_Demo_How-to.gif,Beginner
Shrugs,● Traps,Dumbbells,https://cdn.fitsw.com/assets/img/exerciseGifs/Dumbbell_Shrugs_Exercise_Demo_How-to.gif,Beginner
Shrugs Behind the Back Smith Machine,● Traps,Smith Machine,https://cdn.fitsw.com/assets/img/exerciseGifs/Shrugs_Behind_the_Back_Traps_Back_Exercise_Demo_How-to.gif,Beginner
Standing Smith Machine Shrugs,● Traps,Smith Machine,https://cdn.fitsw.com/assets/img/exerciseGifs/Smith_Shrug_Traps_Upper_Back_Exercise_Demo_How-to.gif,Beginner
Assisted Triceps Dips,● Triceps,Machine,https://cdn.fitsw.com/assets/img/exerciseGifs/Assisted_Tricep_Dips_Arms_Tricep_Exercise_Demo_How-to.gif,Beginner
Barbell Close Grip Bench Press,● Triceps,"Barbell, Bench",https://cdn.fitsw.com/assets/img/exerciseGifs/Close-Grip_Barbell_Bench_Press_Chest_Pecs_Exercise_Demo_How-to.gif,Beginner
Barbell Floor Press,● Triceps,Barbell,https://cdn.fitsw.com/assets/img/exerciseGifs/Barbell_Floor_Press_Triceps_Chest_Exercise_Demo_How-to.gif,Intermediate
Barbell JM Press,● Triceps,"Barbell, Bench",https://cdn.fitsw.com/assets/img/exerciseGifs/Barbell_JM_Press_Tricep_Exercise_Demo_How-to.gif,Beginner
Body Triceps Press,● Triceps,None,https://cdn.fitsw.com/assets/img/exerciseGifs/Body_Tricep_Press_Arms_Tricep_Exercise_Demo_How-to.gif,Beginner
Body-Up,● Triceps,None,https://cdn.fitsw.com/assets/img/exerciseGifs/Body-up_Triceps_Chest_Arm_Exercise_Demo_How-to.gif,Beginner
Cable Bent over Triceps Extension,● Triceps,Cable,https://cdn.fitsw.com/assets/img/exerciseGifs/Cable_Bent_Over_Tricep_Extension_Tricep_Exercise_Demo_How-to.gif,Beginner
Cable Incline Triceps Extension,● Triceps,"Bench, Cable",https://cdn.fitsw.com/assets/img/exerciseGifs/Cable_Incline_Tricep_Extension_Triceps_Arm_Exercise_Demo_How-to.gif,Beginner
Cable Incline Triceps Pushdown,● Triceps,"Bench, Cable",https://cdn.fitsw.com/assets/img/exerciseGifs/Cable_Incline_Tricep_Pushdown_Arms_Tricep_Exercise_Demo_How-to.gif,Beginner
Cable Kneeling Triceps Extension,● Triceps,"Bench, Cable",https://cdn.fitsw.com/assets/img/exerciseGifs/Cable_Kneeling_Tricep_Extension_Arms_Tricep_Exercise_Demo_How-to.gif,Intermediate
Cable Lying Triceps Extension Bar,● Triceps,"Bench, Cable",https://cdn.fitsw.com/assets/img/exerciseGifs/Cable_Lying_Triceps_Extension_Arms_Tricep_Exercise_Demo_How-to.gif,Beginner
Cable Lying Triceps Extension Rope,● Triceps,"Bench, Cable",https://cdn.fitsw.com/assets/img/exerciseGifs/LyingLowCableTricepsExtension.gif,Beginner
Cable Rope Overhead Triceps Extension,● Triceps,Cable,https://cdn.fitsw.com/assets/img/exerciseGifs/Cable_Rope_Overhead_Tricep_Extension_Exercise_Demo_How-to.gif,Beginner
Cable Single Arm Triceps Pushdowns,● Triceps,Cable,https://cdn.fitsw.com/assets/img/exerciseGifs/Single_Arm_Tricep_Pushdowns_Tricep_Exercise_Demo_How-to.gif,Beginner
Cable Single-Arm Triceps Extension,● Triceps,Cable,https://cdn.fitsw.com/assets/img/exerciseGifs/Cable_One_Arm_Tricep_Extension_Arms_Tricep_Exercise_Demo_How-to.gif,Beginner
Cable Triceps Rope Pushdown,● Triceps,Cable,https://cdn.fitsw.com/assets/img/exerciseGifs/Cable_Tricep_Rope_Pushdown_Exercise_Demo_How-to.gif,Beginner
Chain Handle Extension,● Triceps,"Bench, Other",https://cdn.fitsw.com/assets/img/exerciseGifs/Chain_Handle_Extensions_Triceps_Arm_Exercise_Demo_How-to.gif,Intermediate
Close Hands Touching Push-ups,● Triceps,None,https://cdn.fitsw.com/assets/img/exerciseGifs/Push-Ups_-_Close_Hands_Triceps_Exercise_Demo_How-to.gif,Intermediate
Close-Grip Dumbbell Press,● Triceps,"Bench, Dumbbells",https://cdn.fitsw.com/assets/img/exerciseGifs/Close_Grip_Dumbbell_Press_Arms_Tricep_Exercise_Demo_How-to.gif,Beginner
Close-Grip Ez-Bar Press,● Triceps,"Barbell, Bench",https://cdn.fitsw.com/assets/img/exerciseGifs/Close-Grip_EZ-Bar_Press_Arms_Tricep_Exercise_Demo_How-to.gif,Beginner
Cobra Triceps Extension,● Triceps,None,https://cdn.fitsw.com/assets/img/exerciseGifs/Cobra_Triceps_Extension_Arms_Tricep_Exercise_Demo_How-to.gif,Intermediate
Decline Close-Grip Bench To Skull Crusher,● Triceps,"Barbell, Bench",https://cdn.fitsw.com/assets/img/exerciseGifs/Decline_Close-Grip_Bench_to_Skull_Crusher_Tricep_Exercise_Demo_How-to.gif,Intermediate
Decline Dumbbell Triceps Extension,● Triceps,"Bench, Dumbbells",https://cdn.fitsw.com/assets/img/exerciseGifs/Decline_Dumbbell_Triceps_Extension_Tricep_Exercise_Demo_How-to.gif,Beginner
Decline Ez Bar Triceps Extension,● Triceps,"Barbell, Bench",https://cdn.fitsw.com/assets/img/exerciseGifs/Decline_EZ_Bar_Triceps_Extension_Arms_Tricep_Exercise_Demo_How-to.gif,Beginner
Diamond Push-ups,● Triceps,None,https://cdn.fitsw.com/assets/img/exerciseGifs/How_To_Diamond_Push-Up.gif,Intermediate
Dip Machine,● Triceps,Machine,https://cdn.fitsw.com/assets/img/exerciseGifs/Dip_Machine_Arms_Tricep_Exercise_Demo_How-to.gif,Beginner
Double Cable Pressdown,● Triceps,Cable,https://cdn.fitsw.com/assets/img/exerciseGifs/Double-Cable-Pressdown.gif,Intermediate
Dumbbell Floor Press,● Triceps,Dumbbells,https://cdn.fitsw.com/assets/img/exerciseGifs/Dumbbell_Floor_Press_Chest_Tricep_Exercise_Demo_How-to.gif,Intermediate
Dumbbell Lying Triceps Extension,● Triceps,"Bench, Dumbbells",https://cdn.fitsw.com/assets/img/exerciseGifs/Dumbbell_Lying_Tricep_Extension_Tricep_Exercise_Demo_How-to.gif,Intermediate
Dumbbell Single-Arm Triceps Extension,● Triceps,Dumbbells,https://cdn.fitsw.com/assets/img/exerciseGifs/Dumbbell_One-arm_Triceps_Extension_Arms_Tricep_Exercise_Demo_How-to.gif,Intermediate
Lying Close-Grip Barbell Triceps Extension,● Triceps,"Barbell, Bench",https://cdn.fitsw.com/assets/img/exerciseGifs/Lying_Close-Grip_Barbell_Triceps_Extension_Behind_The_Head_Arms_Tricep_Exercise_Demo_How-to.gif,Beginner
Lying Close-Grip Barbell Triceps Press To Chin,● Triceps,"Barbell, Bench",https://cdn.fitsw.com/assets/img/exerciseGifs/LyingClose-GripBarbell-TricepsPressToChin.gif,Intermediate
Lying EZ-Bar Triceps Extension (Skullcrusher),● Triceps,"Barbell, Bench",https://cdn.fitsw.com/assets/img/exerciseGifs/EZ-Bar_Skull_Crushers_Triceps_Exercise_Demo_How-to.gif,Beginner
Reverse Grip Triceps Pushdown,● Triceps,Cable,https://cdn.fitsw.com/assets/img/exerciseGifs/Reverse_Grip_Triceps_Pushdown_Tricep_Exercise_Demo_How-to.gif,Beginner
Reverse Triceps Bench Press,● Triceps,"Barbell, Bench",https://cdn.fitsw.com/assets/img/exerciseGifs/Reverse_Triceps_Bench_Press_Triceps_Exercise_Demo_How-to.gif,Intermediate
Seated Barbell Triceps Extension,● Triceps,"Barbell, Bench",https://cdn.fitsw.com/assets/img/exerciseGifs/Seated_Barbell_Tricep_Extension_Tricep_Exercise_Demo_How-to.gif,Beginner
Seated Bent-Over Two-Arm Dumbbell Triceps Extension,● Triceps,"Bench, Dumbbells",https://cdn.fitsw.com/assets/img/exerciseGifs/Seated_Bent-Over_Two-Arm_Dumbbell_Triceps_Extension_Triceps_Arm_Exercise_Demo_How-to.gif,Intermediate
Seated Triceps Overhead Extension,● Triceps,"Bench, Dumbbells",https://cdn.fitsw.com/assets/img/exerciseGifs/Seated_Tricep_Overhead_Extension_Tricep_Exercise_Demo_How-to.gif,Beginner
Single Arm Overhead Extension Dumbbell,● Triceps,Dumbbells,https://cdn.fitsw.com/assets/img/exerciseGifs/Single_Arm_Overhead_Extension_Dumbbell_Tricep_Exercise_Demo_How-to.gif,Beginner
Single-Arm Pronated Dumbbell Triceps Extension,● Triceps,"Bench, Dumbbells",https://cdn.fitsw.com/assets/img/exerciseGifs/One_Arm_Pronated_Dumbbell_Triceps_Extension_Arms_Tricep_Exercise_Demo_How-to.gif,Beginner
Single-Arm Supinated Dumbbell Triceps Extension,● Triceps,"Bench, Dumbbells",https://cdn.fitsw.com/assets/img/exerciseGifs/One_Arm_Supinated_Dumbbell_Triceps_Extension_Arms_Tricep_Exercise_Demo_How-to.gif,Beginner
Smith Machine Close Grip Bench Press,● Triceps,Smith Machine,https://cdn.fitsw.com/assets/img/exerciseGifs/Smith_Machine_Close_Grip_Bench_Press_Triceps_Arm_Exercise_Demo_How-to.gif,Beginner
Standing Barbell Tricep Kickback,● Triceps,Barbell,https://cdn.fitsw.com/assets/img/exerciseGifs/Standing-Barbell-Tricep-Kickback.gif,Intermediate
Standing Bent-Over Dumbbell Triceps Extension,● Triceps,Dumbbells,https://cdn.fitsw.com/assets/img/exerciseGifs/Standing_Bent-over_Two-arm_Dumbbell_Triceps_Extension_Triceps_Exercise_Demo_How-to.gif,Beginner
Standing Low-Pulley Single-Arm Triceps Extension,● Triceps,Cable,https://cdn.fitsw.com/assets/img/exerciseGifs/Standing_Low-Pulley_One-Arm_Triceps_Extension_Arms_Tricep_Exercise_Demo_How-to.gif,Intermediate
Standing Overhead Dumbbell Triceps Extension,● Triceps,Dumbbells,https://cdn.fitsw.com/assets/img/exerciseGifs/Standing_Overhead_Dumbbell_Tricep_Extension_Arms_Tricep_Exercise_Demo_How-to.gif,Beginner
Supine Medicine Ball Chest Throw,● Triceps,Medicine Ball,https://cdn.fitsw.com/assets/img/exerciseGifs/Supine_Medicine_Ball_Chest_Throw_Chest_Exercise_Demo_How-to.gif,Beginner
Suspended TRX Self Assisted Triceps Dips,● Triceps,TRX,https://cdn.fitsw.com/assets/img/exerciseGifs/Suspended_TRX_Self_Assisted_Tricep_Dips_Arms_Core_Tricep_Exercise_Demo_How-to.gif,Intermediate
Suspended TRX Triceps Dip,● Triceps,TRX,https://cdn.fitsw.com/assets/img/exerciseGifs/Suspended__TRX_Tricep_Dip_Triceps_Arm_Exercise_Demo_How-to.gif,Advanced
Suspended TRX Triceps Extensions,● Triceps,TRX,https://cdn.fitsw.com/assets/img/exerciseGifs/Suspended_TRX_Triceps_Extensions_Triceps_Arm_Exercise_Demo_How-to.gif,Intermediate
Tate Press,● Triceps,"Bench, Dumbbells",https://cdn.fitsw.com/assets/img/exerciseGifs/Tate_Press_Triceps_Arm_Exercise_Demo_How-to.gif,Intermediate
Triceps Bench Dips,● Triceps,Bench,https://cdn.fitsw.com/assets/img/exerciseGifs/Tricep_Bench_Dips_Tricep_Exercise_Demo_How-to.gif,Beginner
Triceps Dips,● Triceps,Equalizer,https://cdn.fitsw.com/assets/img/exerciseGifs/Dips_-_Triceps_Version_Triceps_Exercise_Demo_How-to.gif,Intermediate
Triceps Kickbacks,● Triceps,"Bench, Dumbbells",https://cdn.fitsw.com/assets/img/exerciseGifs/Tricep_Kickbacks_Tricep_Exercise_Demo_How-to.gif,Beginner
Triceps Overhead Extension With Rope,● Triceps,Cable,https://cdn.fitsw.com/assets/img/exerciseGifs/Tricep_Overhead_Extension_Arms_Tricep_Exercise_Demo_How-to.gif,Beginner
Triceps Pushdown - Straight Bar,● Triceps,Cable,https://cdn.fitsw.com/assets/img/exerciseGifs/Triceps_Pushdown_Straight_Bar_Triceps_Exercise_Demo_How-to.gif,Beginner
